{"metadata":{"usedHelpers":["inherits","possibleConstructorReturn","classCallCheck","interopRequireDefault"],"marked":[],"modules":{"imports":[{"source":"react","imported":["default","Component"],"specifiers":[{"kind":"named","imported":"default","local":"React"},{"kind":"named","imported":"Component","local":"Component"}]},{"source":"./Task.jsx","imported":["default"],"specifiers":[{"kind":"named","imported":"default","local":"Task"}]},{"source":"prop-types","imported":["default"],"specifiers":[{"kind":"named","imported":"default","local":"PropTypes"}]},{"source":"meteor/react-meteor-data","imported":["createContainer"],"specifiers":[{"kind":"named","imported":"createContainer","local":"createContainer"}]},{"source":"../api/tasks.js","imported":["Tasks"],"specifiers":[{"kind":"named","imported":"Tasks","local":"Tasks"}]}],"exports":{"exported":[],"specifiers":[]}}},"options":{"filename":"imports/ui/App.jsx","filenameRelative":"imports/ui/App.jsx","env":{"development":{"plugins":[]}},"retainLines":false,"highlightCode":true,"suppressDeprecationMessages":false,"presets":[],"plugins":[[[],{"generateLetDeclarations":true,"enforceStrictMode":false}],[[],null],[[],{"polyfill":false}],[[],null],[[],null],[[],null],[[],{"allowTopLevelThis":true,"strict":false,"loose":true}],[[],null],[[],null],[[],null],[[],null],[[],null],[[],null],[[],null],[[],null],[[],null],[[],null],[[],null],[[],null],[[],{"loose":true}],[[],{"loose":true}],[[],null],[[],{"loose":true}],[[],null],[[],null],[[],null],[[],null],[[],null],[[],null],[[],{"loose":true}],[[],null],[[],null],[[],null],[[],null],[[],null],[[],null],[[],null]],"ignore":[],"code":true,"metadata":true,"ast":true,"comments":true,"compact":false,"minified":false,"sourceMap":true,"sourceMaps":true,"sourceMapTarget":"imports/ui/App.jsx.map","sourceFileName":"imports/ui/App.jsx","babelrc":false,"sourceType":"module","moduleIds":false,"passPerPreset":false,"parserOpts":false,"generatorOpts":false,"basename":"App"},"ignored":false,"code":"var _classCallCheck2 = require(\"babel-runtime/helpers/classCallCheck\");\n\nvar _classCallCheck3 = _interopRequireDefault(_classCallCheck2);\n\nvar _possibleConstructorReturn2 = require(\"babel-runtime/helpers/possibleConstructorReturn\");\n\nvar _possibleConstructorReturn3 = _interopRequireDefault(_possibleConstructorReturn2);\n\nvar _inherits2 = require(\"babel-runtime/helpers/inherits\");\n\nvar _inherits3 = _interopRequireDefault(_inherits2);\n\nfunction _interopRequireDefault(obj) { return obj && obj.__esModule ? obj : { \"default\": obj }; }\n\nvar React = void 0,\n    Component = void 0;\nmodule.watch(require(\"react\"), {\n  \"default\": function (v) {\n    React = v;\n  },\n  Component: function (v) {\n    Component = v;\n  }\n}, 0);\nvar Task = void 0;\nmodule.watch(require(\"./Task.jsx\"), {\n  \"default\": function (v) {\n    Task = v;\n  }\n}, 1);\nvar PropTypes = void 0;\nmodule.watch(require(\"prop-types\"), {\n  \"default\": function (v) {\n    PropTypes = v;\n  }\n}, 2);\nvar createContainer = void 0;\nmodule.watch(require(\"meteor/react-meteor-data\"), {\n  createContainer: function (v) {\n    createContainer = v;\n  }\n}, 3);\nvar Tasks = void 0;\nmodule.watch(require(\"../api/tasks.js\"), {\n  Tasks: function (v) {\n    Tasks = v;\n  }\n}, 4);\n\n// App component - represents the whole app\nvar App = function (_Component) {\n  (0, _inherits3.default)(App, _Component);\n\n  function App() {\n    (0, _classCallCheck3.default)(this, App);\n    return (0, _possibleConstructorReturn3.default)(this, _Component.apply(this, arguments));\n  }\n\n  App.prototype.renderTasks = function () {\n    function renderTasks() {\n      return this.props.tasks.map(function (task) {\n        return React.createElement(Task, {\n          key: task._id,\n          task: task\n        });\n      });\n    }\n\n    return renderTasks;\n  }();\n\n  App.prototype.render = function () {\n    function render() {\n      return React.createElement(\n        \"div\",\n        {\n          className: \"container\"\n        },\n        React.createElement(\n          \"header\",\n          null,\n          React.createElement(\n            \"h1\",\n            null,\n            \"Todo List\"\n          )\n        ),\n        React.createElement(\n          \"ul\",\n          null,\n          this.renderTasks()\n        )\n      );\n    }\n\n    return render;\n  }();\n\n  return App;\n}(Component);\n\nApp.propTypes = {\n  tasks: PropTypes.array.isRequired\n};\nmodule.exportDefault(createContainer(function () {\n  return {\n    tasks: Tasks.find({}).fetch()\n  };\n}, App));","map":{"version":3,"sources":["imports/ui/App.jsx"],"names":["React","Component","module","watch","require","v","Task","PropTypes","createContainer","Tasks","App","renderTasks","props","tasks","map","task","_id","render","propTypes","array","isRequired","exportDefault","find","fetch"],"mappings":";;;;;;;;;;;;;;AAAA,IAAIA,cAAJ;AAAA,IAAUC,kBAAV;AAAoBC,OAAOC,KAAP,CAAaC,QAAQ,OAAR,CAAb,EAA8B;AAAA,uBAASC,CAAT,EAAW;AAACL,YAAMK,CAAN;AAAQ,GAApB;AAAqBJ,WAArB,YAA+BI,CAA/B,EAAiC;AAACJ,gBAAUI,CAAV;AAAY;AAA9C,CAA9B,EAA8E,CAA9E;AAAiF,IAAIC,aAAJ;AAASJ,OAAOC,KAAP,CAAaC,QAAQ,YAAR,CAAb,EAAmC;AAAA,uBAASC,CAAT,EAAW;AAACC,WAAKD,CAAL;AAAO;AAAnB,CAAnC,EAAwD,CAAxD;AAA2D,IAAIE,kBAAJ;AAAcL,OAAOC,KAAP,CAAaC,QAAQ,YAAR,CAAb,EAAmC;AAAA,uBAASC,CAAT,EAAW;AAACE,gBAAUF,CAAV;AAAY;AAAxB,CAAnC,EAA6D,CAA7D;AAAgE,IAAIG,wBAAJ;AAAoBN,OAAOC,KAAP,CAAaC,QAAQ,0BAAR,CAAb,EAAiD;AAACI,iBAAD,YAAiBH,CAAjB,EAAmB;AAACG,sBAAgBH,CAAhB;AAAkB;AAAtC,CAAjD,EAAyF,CAAzF;AAA4F,IAAII,cAAJ;AAAUP,OAAOC,KAAP,CAAaC,QAAQ,iBAAR,CAAb,EAAwC;AAACK,OAAD,YAAOJ,CAAP,EAAS;AAACI,YAAMJ,CAAN;AAAQ;AAAlB,CAAxC,EAA4D,CAA5D;;AAOjX;IACMK,G;;;;;;;;gBACJC,W;2BAAc;AACZ,aAAO,KAAKC,KAAL,CAAWC,KAAX,CAAiBC,GAAjB,CAAqB,UAACC,IAAD;AAAA,eAC1B,oBAAC,IAAD;AAAM,eAAKA,KAAKC,GAAhB;AAAqB,gBAAMD;AAA3B,UAD0B;AAAA,OAArB,CAAP;AAGD;;;;;gBAEDE,M;sBAAS;AACP,aACE;AAAA;AAAA;AAAK,qBAAU;AAAf;AACE;AAAA;AAAA;AACE;AAAA;AAAA;AAAA;AAAA;AADF,SADF;AAKE;AAAA;AAAA;AACG,eAAKN,WAAL;AADH;AALF,OADF;AAWD;;;;;;EAnBeV,S;;AAsBlBS,IAAIQ,SAAJ,GAAgB;AACdL,SAAON,UAAUY,KAAV,CAAgBC;AADT,CAAhB;AA9BAlB,OAAOmB,aAAP,CAkCeb,gBAAgB,YAAM;AACnC,SAAO;AACLK,WAAOJ,MAAMa,IAAN,CAAW,EAAX,EAAeC,KAAf;AADF,GAAP;AAGD,CAJc,EAIZb,GAJY,CAlCf","file":"imports/ui/App.jsx.map","sourcesContent":["import React, { Component } from 'react';\nimport Task from './Task.jsx';\nimport PropTypes from 'prop-types';\nimport { createContainer } from 'meteor/react-meteor-data';\nimport { Tasks } from '../api/tasks.js';\n\n\n// App component - represents the whole app\nclass App extends Component {\n  renderTasks() {\n    return this.props.tasks.map((task) => (\n      <Task key={task._id} task={task} />\n    ));\n  }\n\n  render() {\n    return (\n      <div className=\"container\">\n        <header>\n          <h1>Todo List</h1>\n        </header>\n\n        <ul>\n          {this.renderTasks()}\n        </ul>\n      </div>\n    );\n  }\n}\n\nApp.propTypes = {\n  tasks: PropTypes.array.isRequired,\n};\n\nexport default createContainer(() => {\n  return {\n    tasks: Tasks.find({}).fetch(),\n  };\n}, App);\n"]},"hash":"00c1bea0153bddb070189bba8a906328c49c2c7c"}
