{"metadata":{"usedHelpers":[],"marked":[],"modules":{"imports":[{"source":"./accounts_client.js","imported":["AccountsClient"],"specifiers":[{"kind":"named","imported":"AccountsClient","local":"AccountsClient"}]},{"source":"./url_client.js","imported":["AccountsTest"],"specifiers":[{"kind":"named","imported":"AccountsTest","local":"AccountsTest"}]},{"source":"./localstorage_token.js","imported":[],"specifiers":[]}],"exports":{"exported":["AccountsClient","AccountsTest"],"specifiers":[{"kind":"local","local":"AccountsClient","exported":"AccountsClient"},{"kind":"local","local":"AccountsTest","exported":"AccountsTest"}]}}},"options":{"filename":"packages/accounts-base/client_main.js","filenameRelative":"packages/accounts-base/client_main.js","env":{"development":{"plugins":[]}},"retainLines":false,"highlightCode":true,"suppressDeprecationMessages":false,"presets":[],"plugins":[[[],{"generateLetDeclarations":true,"enforceStrictMode":false}],[[],null],[[],{"polyfill":false}],[[],null],[[],null],[[],null],[[],{"allowTopLevelThis":true,"strict":false,"loose":true}],[[],null],[[],null],[[],null],[[],null],[[],null],[[],null],[[],null],[[],null],[[],null],[[],null],[[],null],[[],null],[[],{"loose":true}],[[],{"loose":true}],[[],null],[[],{"loose":true}],[[],null],[[],null],[[],null],[[],null],[[],null],[[],null],[[],{"loose":true}],[[],null],[[],null],[[],null],[[],null],[[],null],[[],null],[[],null]],"ignore":[],"code":true,"metadata":true,"ast":true,"comments":true,"compact":false,"minified":false,"sourceMap":true,"sourceMaps":true,"sourceMapTarget":"packages/accounts-base/client_main.js.map","sourceFileName":"packages/accounts-base/client_main.js","babelrc":false,"sourceType":"module","moduleIds":false,"passPerPreset":false,"parserOpts":false,"generatorOpts":false,"basename":"client_main"},"ignored":false,"code":"var module1 = module;\nmodule1.export({\n  AccountsClient: function () {\n    return AccountsClient;\n  },\n  AccountsTest: function () {\n    return AccountsTest;\n  }\n});\nvar AccountsClient = void 0;\nmodule1.watch(require(\"./accounts_client.js\"), {\n  AccountsClient: function (v) {\n    AccountsClient = v;\n  }\n}, 0);\nvar AccountsTest = void 0;\nmodule1.watch(require(\"./url_client.js\"), {\n  AccountsTest: function (v) {\n    AccountsTest = v;\n  }\n}, 1);\nmodule1.watch(require(\"./localstorage_token.js\"));\n/**\n * @namespace Accounts\n * @summary The namespace for all client-side accounts-related methods.\n */Accounts = new AccountsClient(); /**\n                                     * @summary A [Mongo.Collection](#collections) containing user documents.\n                                     * @locus Anywhere\n                                     * @type {Mongo.Collection}\n                                     * @importFromPackage meteor\n                                     */\nMeteor.users = Accounts.users;","map":{"version":3,"sources":["packages/accounts-base/client_main.js"],"names":["module1","module","export","AccountsClient","AccountsTest","watch","require","v","Accounts","Meteor","users"],"mappings":"AAAA,IAAMA,UAAQC,MAAd;AAAqBD,QAAQE,MAAR,CAAe;AAACC,kBAAe;AAAA,WAAIA,cAAJ;AAAA,GAAhB;AAAmCC,gBAAa;AAAA,WAAIA,YAAJ;AAAA;AAAhD,CAAf;AAAkF,IAAID,uBAAJ;AAAmBH,QAAQK,KAAR,CAAcC,QAAQ,sBAAR,CAAd,EAA8C;AAACH,gBAAD,YAAgBI,CAAhB,EAAkB;AAACJ,qBAAeI,CAAf;AAAiB;AAApC,CAA9C,EAAoF,CAApF;AAAuF,IAAIH,qBAAJ;AAAiBJ,QAAQK,KAAR,CAAcC,QAAQ,iBAAR,CAAd,EAAyC;AAACF,cAAD,YAAcG,CAAd,EAAgB;AAACH,mBAAaG,CAAb;AAAe;AAAhC,CAAzC,EAA2E,CAA3E;AAA8EP,QAAQK,KAAR,CAAcC,QAAQ,yBAAR,CAAd;AAIhT;;;GAIAE,WAAW,IAAIL,cAAJ,EAAX,C,CAEA;;;;;;AAMAM,OAAOC,KAAP,GAAeF,SAASE,KAAxB","file":"packages/accounts-base/client_main.js.map","sourcesContent":["import {AccountsClient} from \"./accounts_client.js\";\nimport {AccountsTest} from \"./url_client.js\";\nimport \"./localstorage_token.js\";\n\n/**\n * @namespace Accounts\n * @summary The namespace for all client-side accounts-related methods.\n */\nAccounts = new AccountsClient();\n\n/**\n * @summary A [Mongo.Collection](#collections) containing user documents.\n * @locus Anywhere\n * @type {Mongo.Collection}\n * @importFromPackage meteor\n */\nMeteor.users = Accounts.users;\n\nexport {\n  // Since this file is the main module for the client version of the\n  // accounts-base package, properties of non-entry-point modules need to\n  // be re-exported in order to be accessible to modules that import the\n  // accounts-base package.\n  AccountsClient,\n  AccountsTest,\n};\n"]},"hash":"01eaa1c74d1cd69c4f6d5b80119078b326cc7bbb"}
