{"metadata":{"usedHelpers":["inherits","possibleConstructorReturn","classCallCheck","interopRequireDefault"],"marked":[],"modules":{"imports":[{"source":"react","imported":["default","Component"],"specifiers":[{"kind":"named","imported":"default","local":"React"},{"kind":"named","imported":"Component","local":"Component"}]},{"source":"./Task.jsx","imported":["default"],"specifiers":[{"kind":"named","imported":"default","local":"Task"}]}],"exports":{"exported":["App"],"specifiers":[{"kind":"local","local":"App","exported":"default"}]}}},"options":{"filename":"imports/ui/App.jsx","filenameRelative":"imports/ui/App.jsx","env":{"development":{"plugins":[]}},"retainLines":false,"highlightCode":true,"suppressDeprecationMessages":false,"presets":[],"plugins":[[[],{"generateLetDeclarations":true,"enforceStrictMode":false}],[[],null],[[],{"polyfill":false}],[[],null],[[],null],[[],null],[[],{"allowTopLevelThis":true,"strict":false,"loose":true}],[[],null],[[],null],[[],null],[[],null],[[],null],[[],null],[[],null],[[],null],[[],null],[[],null],[[],null],[[],null],[[],{"loose":true}],[[],{"loose":true}],[[],null],[[],{"loose":true}],[[],null],[[],null],[[],null],[[],null],[[],null],[[],null],[[],{"loose":true}],[[],null],[[],null],[[],null],[[],null],[[],null],[[],null],[[],null]],"ignore":[],"code":true,"metadata":true,"ast":true,"comments":true,"compact":false,"minified":false,"sourceMap":true,"sourceMaps":true,"sourceMapTarget":"imports/ui/App.jsx.map","sourceFileName":"imports/ui/App.jsx","babelrc":false,"sourceType":"module","moduleIds":false,"passPerPreset":false,"parserOpts":false,"generatorOpts":false,"basename":"App"},"ignored":false,"code":"var _classCallCheck2 = require(\"babel-runtime/helpers/classCallCheck\");\n\nvar _classCallCheck3 = _interopRequireDefault(_classCallCheck2);\n\nvar _possibleConstructorReturn2 = require(\"babel-runtime/helpers/possibleConstructorReturn\");\n\nvar _possibleConstructorReturn3 = _interopRequireDefault(_possibleConstructorReturn2);\n\nvar _inherits2 = require(\"babel-runtime/helpers/inherits\");\n\nvar _inherits3 = _interopRequireDefault(_inherits2);\n\nfunction _interopRequireDefault(obj) { return obj && obj.__esModule ? obj : { \"default\": obj }; }\n\nmodule.export({\n  \"default\": function () {\n    return App;\n  }\n});\nvar React = void 0,\n    Component = void 0;\nmodule.watch(require(\"react\"), {\n  \"default\": function (v) {\n    React = v;\n  },\n  Component: function (v) {\n    Component = v;\n  }\n}, 0);\nvar Task = void 0;\nmodule.watch(require(\"./Task.jsx\"), {\n  \"default\": function (v) {\n    Task = v;\n  }\n}, 1);\n\nvar App = function (_Component) {\n  (0, _inherits3.default)(App, _Component);\n\n  function App() {\n    (0, _classCallCheck3.default)(this, App);\n    return (0, _possibleConstructorReturn3.default)(this, _Component.apply(this, arguments));\n  }\n\n  App.prototype.getTasks = function () {\n    function getTasks() {\n      return [{\n        _id: 1,\n        text: 'This is task 1'\n      }, {\n        _id: 2,\n        text: 'This is task 2'\n      }, {\n        _id: 3,\n        text: 'This is task 3'\n      }];\n    }\n\n    return getTasks;\n  }();\n\n  App.prototype.renderTasks = function () {\n    function renderTasks() {\n      return this.getTasks().map(function (task) {\n        return React.createElement(Task, {\n          key: task._id,\n          task: task\n        });\n      });\n    }\n\n    return renderTasks;\n  }();\n\n  App.prototype.render = function () {\n    function render() {\n      return React.createElement(\n        \"div\",\n        {\n          className: \"container\"\n        },\n        React.createElement(\n          \"header\",\n          null,\n          React.createElement(\n            \"h1\",\n            null,\n            \"Todo List\"\n          )\n        ),\n        React.createElement(\n          \"ul\",\n          null,\n          this.renderTasks()\n        )\n      );\n    }\n\n    return render;\n  }();\n\n  return App;\n}(Component);","map":{"version":3,"sources":["imports/ui/App.jsx"],"names":["module","export","App","React","Component","watch","require","v","Task","getTasks","_id","text","renderTasks","map","task","render"],"mappings":";;;;;;;;;;;;;;AAAAA,OAAOC,MAAP,CAAc;AAAC,aAAQ;AAAA,WAAIC,GAAJ;AAAA;AAAT,CAAd;AAAiC,IAAIC,cAAJ;AAAA,IAAUC,kBAAV;AAAoBJ,OAAOK,KAAP,CAAaC,QAAQ,OAAR,CAAb,EAA8B;AAAA,uBAASC,CAAT,EAAW;AAACJ,YAAMI,CAAN;AAAQ,GAApB;AAAqBH,WAArB,YAA+BG,CAA/B,EAAiC;AAACH,gBAAUG,CAAV;AAAY;AAA9C,CAA9B,EAA8E,CAA9E;AAAiF,IAAIC,aAAJ;AAASR,OAAOK,KAAP,CAAaC,QAAQ,YAAR,CAAb,EAAmC;AAAA,uBAASC,CAAT,EAAW;AAACC,WAAKD,CAAL;AAAO;AAAnB,CAAnC,EAAwD,CAAxD;;IAK1HL,G;;;;;;;;gBACnBO,Q;wBAAW;AACT,aAAO,CACL;AAAEC,aAAK,CAAP;AAAUC,cAAM;AAAhB,OADK,EAEL;AAAED,aAAK,CAAP;AAAUC,cAAM;AAAhB,OAFK,EAGL;AAAED,aAAK,CAAP;AAAUC,cAAM;AAAhB,OAHK,CAAP;AAKD;;;;;gBAEDC,W;2BAAc;AACZ,aAAO,KAAKH,QAAL,GAAgBI,GAAhB,CAAoB,UAACC,IAAD;AAAA,eACzB,oBAAC,IAAD;AAAM,eAAKA,KAAKJ,GAAhB;AAAqB,gBAAMI;AAA3B,UADyB;AAAA,OAApB,CAAP;AAGD;;;;;gBAEDC,M;sBAAS;AACP,aACE;AAAA;AAAA;AAAK,qBAAU;AAAf;AACE;AAAA;AAAA;AACE;AAAA;AAAA;AAAA;AAAA;AADF,SADF;AAKE;AAAA;AAAA;AACG,eAAKH,WAAL;AADH;AALF,OADF;AAWD;;;;;;EA3B8BR,S","file":"imports/ui/App.jsx.map","sourcesContent":["import React, { Component } from 'react';\n\nimport Task from './Task.jsx';\n\n// App component - represents the whole app\nexport default class App extends Component {\n  getTasks() {\n    return [\n      { _id: 1, text: 'This is task 1' },\n      { _id: 2, text: 'This is task 2' },\n      { _id: 3, text: 'This is task 3' },\n    ];\n  }\n\n  renderTasks() {\n    return this.getTasks().map((task) => (\n      <Task key={task._id} task={task} />\n    ));\n  }\n\n  render() {\n    return (\n      <div className=\"container\">\n        <header>\n          <h1>Todo List</h1>\n        </header>\n\n        <ul>\n          {this.renderTasks()}\n        </ul>\n      </div>\n    );\n  }\n}"]},"hash":"0c43a60f92008ef6fda1c344dbadf1af052e7e3d"}
