{"metadata":{"usedHelpers":["inherits","possibleConstructorReturn","classCallCheck","interopRequireDefault"],"marked":[],"modules":{"imports":[{"source":"react","imported":["default","Component"],"specifiers":[{"kind":"named","imported":"default","local":"React"},{"kind":"named","imported":"Component","local":"Component"}]},{"source":"./Task.jsx","imported":["default"],"specifiers":[{"kind":"named","imported":"default","local":"Task"}]},{"source":"prop-types","imported":["default"],"specifiers":[{"kind":"named","imported":"default","local":"PropTypes"}]},{"source":"meteor/react-meteor-data","imported":["withTracker"],"specifiers":[{"kind":"named","imported":"withTracker","local":"withTracker"}]}],"exports":{"exported":["App"],"specifiers":[{"kind":"local","local":"App","exported":"default"}]}}},"options":{"filename":"imports/ui/App.jsx","filenameRelative":"imports/ui/App.jsx","env":{"development":{"plugins":[]}},"retainLines":false,"highlightCode":true,"suppressDeprecationMessages":false,"presets":[],"plugins":[[[],{"generateLetDeclarations":true,"enforceStrictMode":false}],[[],null],[[],{"polyfill":false}],[[],null],[[],null],[[],null],[[],{"allowTopLevelThis":true,"strict":false,"loose":true}],[[],null],[[],null],[[],null],[[],null],[[],null],[[],null],[[],null],[[],null],[[],null],[[],null],[[],null],[[],null],[[],{"loose":true}],[[],{"loose":true}],[[],null],[[],{"loose":true}],[[],null],[[],null],[[],null],[[],null],[[],null],[[],null],[[],{"loose":true}],[[],null],[[],null],[[],null],[[],null],[[],null],[[],null],[[],null]],"ignore":[],"code":true,"metadata":true,"ast":true,"comments":true,"compact":false,"minified":false,"sourceMap":true,"sourceMaps":true,"sourceMapTarget":"imports/ui/App.jsx.map","sourceFileName":"imports/ui/App.jsx","babelrc":false,"sourceType":"module","moduleIds":false,"passPerPreset":false,"parserOpts":false,"generatorOpts":false,"basename":"App"},"ignored":false,"code":"var _classCallCheck2 = require(\"babel-runtime/helpers/classCallCheck\");\n\nvar _classCallCheck3 = _interopRequireDefault(_classCallCheck2);\n\nvar _possibleConstructorReturn2 = require(\"babel-runtime/helpers/possibleConstructorReturn\");\n\nvar _possibleConstructorReturn3 = _interopRequireDefault(_possibleConstructorReturn2);\n\nvar _inherits2 = require(\"babel-runtime/helpers/inherits\");\n\nvar _inherits3 = _interopRequireDefault(_inherits2);\n\nfunction _interopRequireDefault(obj) { return obj && obj.__esModule ? obj : { \"default\": obj }; }\n\nmodule.export({\n  \"default\": function () {\n    return App;\n  }\n});\nvar React = void 0,\n    Component = void 0;\nmodule.watch(require(\"react\"), {\n  \"default\": function (v) {\n    React = v;\n  },\n  Component: function (v) {\n    Component = v;\n  }\n}, 0);\nvar Task = void 0;\nmodule.watch(require(\"./Task.jsx\"), {\n  \"default\": function (v) {\n    Task = v;\n  }\n}, 1);\nvar PropTypes = void 0;\nmodule.watch(require(\"prop-types\"), {\n  \"default\": function (v) {\n    PropTypes = v;\n  }\n}, 2);\nvar withTracker = void 0;\nmodule.watch(require(\"meteor/react-meteor-data\"), {\n  withTracker: function (v) {\n    withTracker = v;\n  }\n}, 3);\n\nvar App = function (_Component) {\n  (0, _inherits3.default)(App, _Component);\n\n  function App() {\n    (0, _classCallCheck3.default)(this, App);\n    return (0, _possibleConstructorReturn3.default)(this, _Component.apply(this, arguments));\n  }\n\n  // renderTasks() {\n  //   return this.props.tasks.map((task) => (\n  //     <Task key={task._id} task={task} />\n  //   ));\n  // }\n  App.prototype.render = function () {\n    function render() {\n      return React.createElement(\n        \"div\",\n        {\n          className: \"container\"\n        },\n        React.createElement(\n          \"header\",\n          null,\n          React.createElement(\n            \"h1\",\n            null,\n            \"Todo List\"\n          )\n        ),\n        React.createElement(\"ul\", null)\n      );\n    }\n\n    return render;\n  }();\n\n  return App;\n}(Component);\n\nApp.propTypes = {\n  tasks: PropTypes.array.isRequired\n}; // export default withTracker(props => {\n//   return {\n//     tasks: Tasks.find({}).fetch(),\n//   };\n// }, App);\n//const App = () => <div>test</div>;\n//export default App;","map":{"version":3,"sources":["imports/ui/App.jsx"],"names":["module","export","App","React","Component","watch","require","v","Task","PropTypes","withTracker","render","propTypes","tasks","array","isRequired"],"mappings":";;;;;;;;;;;;;;AAAAA,OAAOC,MAAP,CAAc;AAAC,aAAQ;AAAA,WAAIC,GAAJ;AAAA;AAAT,CAAd;AAAiC,IAAIC,cAAJ;AAAA,IAAUC,kBAAV;AAAoBJ,OAAOK,KAAP,CAAaC,QAAQ,OAAR,CAAb,EAA8B;AAAA,uBAASC,CAAT,EAAW;AAACJ,YAAMI,CAAN;AAAQ,GAApB;AAAqBH,WAArB,YAA+BG,CAA/B,EAAiC;AAACH,gBAAUG,CAAV;AAAY;AAA9C,CAA9B,EAA8E,CAA9E;AAAiF,IAAIC,aAAJ;AAASR,OAAOK,KAAP,CAAaC,QAAQ,YAAR,CAAb,EAAmC;AAAA,uBAASC,CAAT,EAAW;AAACC,WAAKD,CAAL;AAAO;AAAnB,CAAnC,EAAwD,CAAxD;AAA2D,IAAIE,kBAAJ;AAAcT,OAAOK,KAAP,CAAaC,QAAQ,YAAR,CAAb,EAAmC;AAAA,uBAASC,CAAT,EAAW;AAACE,gBAAUF,CAAV;AAAY;AAAxB,CAAnC,EAA6D,CAA7D;AAAgE,IAAIG,oBAAJ;AAAgBV,OAAOK,KAAP,CAAaC,QAAQ,0BAAR,CAAb,EAAiD;AAACI,aAAD,YAAaH,CAAb,EAAe;AAACG,kBAAYH,CAAZ;AAAc;AAA9B,CAAjD,EAAiF,CAAjF;;IAQnRL,G;;;;;;;;AACnB;AACA;AACA;AACA;AACA;gBAEAS,M;sBAAS;AACP,aACE;AAAA;AAAA;AAAK,qBAAU;AAAf;AACE;AAAA;AAAA;AACE;AAAA;AAAA;AAAA;AAAA;AADF,SADF;AAKE;AALF,OADF;AAWD;;;;;;EAnB8BP,S;;AAsBjCF,IAAIU,SAAJ,GAAgB;AACdC,SAAOJ,UAAUK,KAAV,CAAgBC;AADT,CAAhB,C,CAIA;AACA;AACA;AACA;AACA;AAEA;AAEA","file":"imports/ui/App.jsx.map","sourcesContent":["import React, { Component } from 'react';\nimport Task from './Task.jsx';\nimport PropTypes from 'prop-types';\nimport { withTracker } from 'meteor/react-meteor-data'\n//import { Tasks } from '../api/tasks.js';\n\n\n// App component - represents the whole app\nexport default class App extends Component {\n  // renderTasks() {\n  //   return this.props.tasks.map((task) => (\n  //     <Task key={task._id} task={task} />\n  //   ));\n  // }\n\n  render() {\n    return (\n      <div className=\"container\">\n        <header>\n          <h1>Todo List</h1>\n        </header>\n\n        <ul>\n          \n        </ul>\n      </div>\n    );\n  }\n}\n\nApp.propTypes = {\n  tasks: PropTypes.array.isRequired,\n};\n\n// export default withTracker(props => {\n//   return {\n//     tasks: Tasks.find({}).fetch(),\n//   };\n// }, App);\n\n//const App = () => <div>test</div>;\n\n//export default App;\n"]},"hash":"3077e723c8dcbf869a9c8fd7b020be524bcc5084"}
