{"metadata":{"usedHelpers":["classCallCheck","interopRequireDefault"],"marked":[],"modules":{"imports":[{"source":"./local_collection.js","imported":["default"],"specifiers":[{"kind":"named","imported":"default","local":"LocalCollection"}]},{"source":"./common.js","imported":["compileDocumentSelector","hasOwn","nothingMatcher"],"specifiers":[{"kind":"named","imported":"compileDocumentSelector","local":"compileDocumentSelector"},{"kind":"named","imported":"hasOwn","local":"hasOwn"},{"kind":"named","imported":"nothingMatcher","local":"nothingMatcher"}]}],"exports":{"exported":["Matcher"],"specifiers":[{"kind":"local","local":"Matcher","exported":"default"}]}}},"options":{"filename":"packages/minimongo/matcher.js","filenameRelative":"packages/minimongo/matcher.js","env":{"development":{"plugins":[]}},"retainLines":false,"highlightCode":true,"suppressDeprecationMessages":false,"presets":[],"plugins":[[[],{"generateLetDeclarations":true,"enforceStrictMode":false}],[[],null],[[],{"polyfill":false}],[[],null],[[],null],[[],null],[[],{"allowTopLevelThis":true,"strict":false,"loose":true}],[[],null],[[],null],[[],null],[[],null],[[],null],[[],null],[[],null],[[],null],[[],null],[[],null],[[],null],[[],null],[[],{"loose":true}],[[],{"loose":true}],[[],null],[[],{"loose":true}],[[],null],[[],null],[[],null],[[],null],[[],null],[[],null],[[],{"loose":true}],[[],null],[[],null],[[],null],[[],null],[[],null],[[],null],[[],null]],"ignore":[],"code":true,"metadata":true,"ast":true,"comments":true,"compact":false,"minified":false,"sourceMap":true,"sourceMaps":true,"sourceMapTarget":"packages/minimongo/matcher.js.map","sourceFileName":"packages/minimongo/matcher.js","babelrc":false,"sourceType":"module","moduleIds":false,"passPerPreset":false,"parserOpts":false,"generatorOpts":false,"basename":"matcher"},"ignored":false,"code":"var _classCallCheck2 = require(\"babel-runtime/helpers/classCallCheck\");\n\nvar _classCallCheck3 = _interopRequireDefault(_classCallCheck2);\n\nfunction _interopRequireDefault(obj) { return obj && obj.__esModule ? obj : { \"default\": obj }; }\n\nmodule.export({\n  \"default\": function () {\n    return Matcher;\n  }\n});\nvar LocalCollection = void 0;\nmodule.watch(require(\"./local_collection.js\"), {\n  \"default\": function (v) {\n    LocalCollection = v;\n  }\n}, 0);\nvar compileDocumentSelector = void 0,\n    hasOwn = void 0,\n    nothingMatcher = void 0;\nmodule.watch(require(\"./common.js\"), {\n  compileDocumentSelector: function (v) {\n    compileDocumentSelector = v;\n  },\n  hasOwn: function (v) {\n    hasOwn = v;\n  },\n  nothingMatcher: function (v) {\n    nothingMatcher = v;\n  }\n}, 1);\n\nvar Matcher = function () {\n  function Matcher(selector, isUpdate) {\n    (0, _classCallCheck3.default)(this, Matcher);\n    // A set (object mapping string -> *) of all of the document paths looked\n    // at by the selector. Also includes the empty string if it may look at any\n    // path (eg, $where).\n    this._paths = {}; // Set to true if compilation finds a $near.\n\n    this._hasGeoQuery = false; // Set to true if compilation finds a $where.\n\n    this._hasWhere = false; // Set to false if compilation finds anything other than a simple equality\n    // or one or more of '$gt', '$gte', '$lt', '$lte', '$ne', '$in', '$nin' used\n    // with scalars as operands.\n\n    this._isSimple = true; // Set to a dummy document which always matches this Matcher. Or set to null\n    // if such document is too hard to find.\n\n    this._matchingDocument = undefined; // A clone of the original selector. It may just be a function if the user\n    // passed in a function; otherwise is definitely an object (eg, IDs are\n    // translated into {_id: ID} first. Used by canBecomeTrueByModifier and\n    // Sorter._useWithMatcher.\n\n    this._selector = null;\n    this._docMatcher = this._compileSelector(selector); // Set to true if selection is done for an update operation\n    // Default is false\n    // Used for $near array update (issue #3599)\n\n    this._isUpdate = isUpdate;\n  }\n\n  Matcher.prototype.documentMatches = function () {\n    function documentMatches(doc) {\n      if (doc !== Object(doc)) {\n        throw Error('documentMatches needs a document');\n      }\n\n      return this._docMatcher(doc);\n    }\n\n    return documentMatches;\n  }();\n\n  Matcher.prototype.hasGeoQuery = function () {\n    function hasGeoQuery() {\n      return this._hasGeoQuery;\n    }\n\n    return hasGeoQuery;\n  }();\n\n  Matcher.prototype.hasWhere = function () {\n    function hasWhere() {\n      return this._hasWhere;\n    }\n\n    return hasWhere;\n  }();\n\n  Matcher.prototype.isSimple = function () {\n    function isSimple() {\n      return this._isSimple;\n    }\n\n    return isSimple;\n  }(); // Given a selector, return a function that takes one argument, a\n  // document. It returns a result object.\n\n\n  Matcher.prototype._compileSelector = function () {\n    function _compileSelector(selector) {\n      // you can pass a literal function instead of a selector\n      if (selector instanceof Function) {\n        this._isSimple = false;\n        this._selector = selector;\n\n        this._recordPathUsed('');\n\n        return function (doc) {\n          return {\n            result: !!selector.call(doc)\n          };\n        };\n      } // shorthand -- scalar _id\n\n\n      if (LocalCollection._selectorIsId(selector)) {\n        this._selector = {\n          _id: selector\n        };\n\n        this._recordPathUsed('_id');\n\n        return function (doc) {\n          return {\n            result: EJSON.equals(doc._id, selector)\n          };\n        };\n      } // protect against dangerous selectors.  falsey and {_id: falsey} are both\n      // likely programmer error, and not what you want, particularly for\n      // destructive operations.\n\n\n      if (!selector || hasOwn.call(selector, '_id') && !selector._id) {\n        this._isSimple = false;\n        return nothingMatcher;\n      } // Top level can't be an array or true or binary.\n\n\n      if (Array.isArray(selector) || EJSON.isBinary(selector) || typeof selector === 'boolean') {\n        throw new Error(\"Invalid selector: \" + selector);\n      }\n\n      this._selector = EJSON.clone(selector);\n      return compileDocumentSelector(selector, this, {\n        isRoot: true\n      });\n    }\n\n    return _compileSelector;\n  }(); // Returns a list of key paths the given selector is looking for. It includes\n  // the empty string if there is a $where.\n\n\n  Matcher.prototype._getPaths = function () {\n    function _getPaths() {\n      return Object.keys(this._paths);\n    }\n\n    return _getPaths;\n  }();\n\n  Matcher.prototype._recordPathUsed = function () {\n    function _recordPathUsed(path) {\n      this._paths[path] = true;\n    }\n\n    return _recordPathUsed;\n  }();\n\n  return Matcher;\n}();\n\n// helpers used by compiled selector code\nLocalCollection._f = {\n  // XXX for _all and _in, consider building 'inquery' at compile time..\n  _type: function (v) {\n    if (typeof v === 'number') {\n      return 1;\n    }\n\n    if (typeof v === 'string') {\n      return 2;\n    }\n\n    if (typeof v === 'boolean') {\n      return 8;\n    }\n\n    if (Array.isArray(v)) {\n      return 4;\n    }\n\n    if (v === null) {\n      return 10;\n    } // note that typeof(/x/) === \"object\"\n\n\n    if (v instanceof RegExp) {\n      return 11;\n    }\n\n    if (typeof v === 'function') {\n      return 13;\n    }\n\n    if (v instanceof Date) {\n      return 9;\n    }\n\n    if (EJSON.isBinary(v)) {\n      return 5;\n    }\n\n    if (v instanceof MongoID.ObjectID) {\n      return 7;\n    } // object\n\n\n    return 3; // XXX support some/all of these:\n    // 14, symbol\n    // 15, javascript code with scope\n    // 16, 18: 32-bit/64-bit integer\n    // 17, timestamp\n    // 255, minkey\n    // 127, maxkey\n  },\n  // deep equality test: use for literal document and array matches\n  _equal: function (a, b) {\n    return EJSON.equals(a, b, {\n      keyOrderSensitive: true\n    });\n  },\n  // maps a type code to a value that can be used to sort values of different\n  // types\n  _typeorder: function (t) {\n    // http://www.mongodb.org/display/DOCS/What+is+the+Compare+Order+for+BSON+Types\n    // XXX what is the correct sort position for Javascript code?\n    // ('100' in the matrix below)\n    // XXX minkey/maxkey\n    return [-1, // (not a type)\n    1, // number\n    2, // string\n    3, // object\n    4, // array\n    5, // binary\n    -1, // deprecated\n    6, // ObjectID\n    7, // bool\n    8, // Date\n    0, // null\n    9, // RegExp\n    -1, // deprecated\n    100, // JS code\n    2, // deprecated (symbol)\n    100, // JS code\n    1, // 32-bit int\n    8, // Mongo timestamp\n    1 // 64-bit int\n    ][t];\n  },\n  // compare two values of unknown type according to BSON ordering\n  // semantics. (as an extension, consider 'undefined' to be less than\n  // any other value.) return negative if a is less, positive if b is\n  // less, or 0 if equal\n  _cmp: function (a, b) {\n    if (a === undefined) {\n      return b === undefined ? 0 : -1;\n    }\n\n    if (b === undefined) {\n      return 1;\n    }\n\n    var ta = LocalCollection._f._type(a);\n\n    var tb = LocalCollection._f._type(b);\n\n    var oa = LocalCollection._f._typeorder(ta);\n\n    var ob = LocalCollection._f._typeorder(tb);\n\n    if (oa !== ob) {\n      return oa < ob ? -1 : 1;\n    } // XXX need to implement this if we implement Symbol or integers, or\n    // Timestamp\n\n\n    if (ta !== tb) {\n      throw Error('Missing type coercion logic in _cmp');\n    }\n\n    if (ta === 7) {\n      // ObjectID\n      // Convert to string.\n      ta = tb = 2;\n      a = a.toHexString();\n      b = b.toHexString();\n    }\n\n    if (ta === 9) {\n      // Date\n      // Convert to millis.\n      ta = tb = 1;\n      a = a.getTime();\n      b = b.getTime();\n    }\n\n    if (ta === 1) // double\n      return a - b;\n    if (tb === 2) // string\n      return a < b ? -1 : a === b ? 0 : 1;\n\n    if (ta === 3) {\n      // Object\n      // this could be much more efficient in the expected case ...\n      var toArray = function (object) {\n        var result = [];\n        Object.keys(object).forEach(function (key) {\n          result.push(key, object[key]);\n        });\n        return result;\n      };\n\n      return LocalCollection._f._cmp(toArray(a), toArray(b));\n    }\n\n    if (ta === 4) {\n      // Array\n      for (var i = 0;; i++) {\n        if (i === a.length) {\n          return i === b.length ? 0 : -1;\n        }\n\n        if (i === b.length) {\n          return 1;\n        }\n\n        var s = LocalCollection._f._cmp(a[i], b[i]);\n\n        if (s !== 0) {\n          return s;\n        }\n      }\n    }\n\n    if (ta === 5) {\n      // binary\n      // Surprisingly, a small binary blob is always less than a large one in\n      // Mongo.\n      if (a.length !== b.length) {\n        return a.length - b.length;\n      }\n\n      for (var _i = 0; _i < a.length; _i++) {\n        if (a[_i] < b[_i]) {\n          return -1;\n        }\n\n        if (a[_i] > b[_i]) {\n          return 1;\n        }\n      }\n\n      return 0;\n    }\n\n    if (ta === 8) {\n      // boolean\n      if (a) {\n        return b ? 0 : 1;\n      }\n\n      return b ? -1 : 0;\n    }\n\n    if (ta === 10) // null\n      return 0;\n    if (ta === 11) // regexp\n      throw Error('Sorting not supported on regular expression'); // XXX\n    // 13: javascript code\n    // 14: symbol\n    // 15: javascript code with scope\n    // 16: 32-bit integer\n    // 17: timestamp\n    // 18: 64-bit integer\n    // 255: minkey\n    // 127: maxkey\n\n    if (ta === 13) // javascript code\n      throw Error('Sorting not supported on Javascript code'); // XXX\n\n    throw Error('Unknown type to sort');\n  }\n};","map":{"version":3,"sources":["packages/minimongo/matcher.js"],"names":["module","export","Matcher","LocalCollection","watch","require","v","compileDocumentSelector","hasOwn","nothingMatcher","selector","isUpdate","_paths","_hasGeoQuery","_hasWhere","_isSimple","_matchingDocument","undefined","_selector","_docMatcher","_compileSelector","_isUpdate","documentMatches","doc","Object","Error","hasGeoQuery","hasWhere","isSimple","Function","_recordPathUsed","result","call","_selectorIsId","_id","EJSON","equals","Array","isArray","isBinary","clone","isRoot","_getPaths","keys","path","_f","_type","RegExp","Date","MongoID","ObjectID","_equal","a","b","keyOrderSensitive","_typeorder","t","_cmp","ta","tb","oa","ob","toHexString","getTime","toArray","object","forEach","push","key","i","length","s"],"mappings":";;;;;;AAAAA,OAAOC,MAAP,CAAc;AAAC,aAAQ;AAAA,WAAIC,OAAJ;AAAA;AAAT,CAAd;AAAqC,IAAIC,wBAAJ;AAAoBH,OAAOI,KAAP,CAAaC,QAAQ,uBAAR,CAAb,EAA8C;AAAA,uBAASC,CAAT,EAAW;AAACH,sBAAgBG,CAAhB;AAAkB;AAA9B,CAA9C,EAA8E,CAA9E;AAAiF,IAAIC,gCAAJ;AAAA,IAA4BC,eAA5B;AAAA,IAAmCC,uBAAnC;AAAkDT,OAAOI,KAAP,CAAaC,QAAQ,aAAR,CAAb,EAAoC;AAACE,yBAAD,YAAyBD,CAAzB,EAA2B;AAACC,8BAAwBD,CAAxB;AAA0B,GAAtD;AAAuDE,QAAvD,YAA8DF,CAA9D,EAAgE;AAACE,aAAOF,CAAP;AAAS,GAA1E;AAA2EG,gBAA3E,YAA0FH,CAA1F,EAA4F;AAACG,qBAAeH,CAAf;AAAiB;AAA9G,CAApC,EAAoJ,CAApJ;;IA2BvKJ,O;AACnB,mBAAYQ,QAAZ,EAAsBC,QAAtB,EAAgC;AAAA;AAC9B;AACA;AACA;AACA,SAAKC,MAAL,GAAc,EAAd,CAJ8B,CAK9B;;AACA,SAAKC,YAAL,GAAoB,KAApB,CAN8B,CAO9B;;AACA,SAAKC,SAAL,GAAiB,KAAjB,CAR8B,CAS9B;AACA;AACA;;AACA,SAAKC,SAAL,GAAiB,IAAjB,CAZ8B,CAa9B;AACA;;AACA,SAAKC,iBAAL,GAAyBC,SAAzB,CAf8B,CAgB9B;AACA;AACA;AACA;;AACA,SAAKC,SAAL,GAAiB,IAAjB;AACA,SAAKC,WAAL,GAAmB,KAAKC,gBAAL,CAAsBV,QAAtB,CAAnB,CArB8B,CAsB9B;AACA;AACA;;AACA,SAAKW,SAAL,GAAiBV,QAAjB;AACD;;oBAEDW,e;6BAAgBC,G,EAAK;AACnB,UAAIA,QAAQC,OAAOD,GAAP,CAAZ,EAAyB;AACvB,cAAME,MAAM,kCAAN,CAAN;AACD;;AAED,aAAO,KAAKN,WAAL,CAAiBI,GAAjB,CAAP;AACD;;;;;oBAEDG,W;2BAAc;AACZ,aAAO,KAAKb,YAAZ;AACD;;;;;oBAEDc,Q;wBAAW;AACT,aAAO,KAAKb,SAAZ;AACD;;;;;oBAEDc,Q;wBAAW;AACT,aAAO,KAAKb,SAAZ;AACD;;;OAED;AACA;;;oBACAK,gB;8BAAiBV,Q,EAAU;AACzB;AACA,UAAIA,oBAAoBmB,QAAxB,EAAkC;AAChC,aAAKd,SAAL,GAAiB,KAAjB;AACA,aAAKG,SAAL,GAAiBR,QAAjB;;AACA,aAAKoB,eAAL,CAAqB,EAArB;;AAEA,eAAO;AAAA,iBAAQ;AAACC,oBAAQ,CAAC,CAACrB,SAASsB,IAAT,CAAcT,GAAd;AAAX,WAAR;AAAA,SAAP;AACD,OARwB,CAUzB;;;AACA,UAAIpB,gBAAgB8B,aAAhB,CAA8BvB,QAA9B,CAAJ,EAA6C;AAC3C,aAAKQ,SAAL,GAAiB;AAACgB,eAAKxB;AAAN,SAAjB;;AACA,aAAKoB,eAAL,CAAqB,KAArB;;AAEA,eAAO;AAAA,iBAAQ;AAACC,oBAAQI,MAAMC,MAAN,CAAab,IAAIW,GAAjB,EAAsBxB,QAAtB;AAAT,WAAR;AAAA,SAAP;AACD,OAhBwB,CAkBzB;AACA;AACA;;;AACA,UAAI,CAACA,QAAD,IAAaF,OAAOwB,IAAP,CAAYtB,QAAZ,EAAsB,KAAtB,KAAgC,CAACA,SAASwB,GAA3D,EAAgE;AAC9D,aAAKnB,SAAL,GAAiB,KAAjB;AACA,eAAON,cAAP;AACD,OAxBwB,CA0BzB;;;AACA,UAAI4B,MAAMC,OAAN,CAAc5B,QAAd,KACAyB,MAAMI,QAAN,CAAe7B,QAAf,CADA,IAEA,OAAOA,QAAP,KAAoB,SAFxB,EAEmC;AACjC,cAAM,IAAIe,KAAJ,wBAA+Bf,QAA/B,CAAN;AACD;;AAED,WAAKQ,SAAL,GAAiBiB,MAAMK,KAAN,CAAY9B,QAAZ,CAAjB;AAEA,aAAOH,wBAAwBG,QAAxB,EAAkC,IAAlC,EAAwC;AAAC+B,gBAAQ;AAAT,OAAxC,CAAP;AACD;;;OAED;AACA;;;oBACAC,S;yBAAY;AACV,aAAOlB,OAAOmB,IAAP,CAAY,KAAK/B,MAAjB,CAAP;AACD;;;;;oBAEDkB,e;6BAAgBc,I,EAAM;AACpB,WAAKhC,MAAL,CAAYgC,IAAZ,IAAoB,IAApB;AACD;;;;;;;;AAGH;AACAzC,gBAAgB0C,EAAhB,GAAqB;AACnB;AACAC,OAFmB,YAEbxC,CAFa,EAEV;AACP,QAAI,OAAOA,CAAP,KAAa,QAAjB,EAA2B;AACzB,aAAO,CAAP;AACD;;AAED,QAAI,OAAOA,CAAP,KAAa,QAAjB,EAA2B;AACzB,aAAO,CAAP;AACD;;AAED,QAAI,OAAOA,CAAP,KAAa,SAAjB,EAA4B;AAC1B,aAAO,CAAP;AACD;;AAED,QAAI+B,MAAMC,OAAN,CAAchC,CAAd,CAAJ,EAAsB;AACpB,aAAO,CAAP;AACD;;AAED,QAAIA,MAAM,IAAV,EAAgB;AACd,aAAO,EAAP;AACD,KAnBM,CAqBP;;;AACA,QAAIA,aAAayC,MAAjB,EAAyB;AACvB,aAAO,EAAP;AACD;;AAED,QAAI,OAAOzC,CAAP,KAAa,UAAjB,EAA6B;AAC3B,aAAO,EAAP;AACD;;AAED,QAAIA,aAAa0C,IAAjB,EAAuB;AACrB,aAAO,CAAP;AACD;;AAED,QAAIb,MAAMI,QAAN,CAAejC,CAAf,CAAJ,EAAuB;AACrB,aAAO,CAAP;AACD;;AAED,QAAIA,aAAa2C,QAAQC,QAAzB,EAAmC;AACjC,aAAO,CAAP;AACD,KAxCM,CA0CP;;;AACA,WAAO,CAAP,CA3CO,CA6CP;AACA;AACA;AACA;AACA;AACA;AACA;AACD,GAtDkB;AAwDnB;AACAC,QAzDmB,YAyDZC,CAzDY,EAyDTC,CAzDS,EAyDN;AACX,WAAOlB,MAAMC,MAAN,CAAagB,CAAb,EAAgBC,CAAhB,EAAmB;AAACC,yBAAmB;AAApB,KAAnB,CAAP;AACD,GA3DkB;AA6DnB;AACA;AACAC,YA/DmB,YA+DRC,CA/DQ,EA+DL;AACZ;AACA;AACA;AACA;AACA,WAAO,CACL,CAAC,CADI,EACA;AACL,KAFK,EAEA;AACL,KAHK,EAGA;AACL,KAJK,EAIA;AACL,KALK,EAKA;AACL,KANK,EAMA;AACL,KAAC,CAPI,EAOA;AACL,KARK,EAQA;AACL,KATK,EASA;AACL,KAVK,EAUA;AACL,KAXK,EAWA;AACL,KAZK,EAYA;AACL,KAAC,CAbI,EAaA;AACL,OAdK,EAcA;AACL,KAfK,EAeA;AACL,OAhBK,EAgBA;AACL,KAjBK,EAiBA;AACL,KAlBK,EAkBA;AACL,KAnBK,CAmBA;AAnBA,MAoBLA,CApBK,CAAP;AAqBD,GAzFkB;AA2FnB;AACA;AACA;AACA;AACAC,MA/FmB,YA+FdL,CA/Fc,EA+FXC,CA/FW,EA+FR;AACT,QAAID,MAAMnC,SAAV,EAAqB;AACnB,aAAOoC,MAAMpC,SAAN,GAAkB,CAAlB,GAAsB,CAAC,CAA9B;AACD;;AAED,QAAIoC,MAAMpC,SAAV,EAAqB;AACnB,aAAO,CAAP;AACD;;AAED,QAAIyC,KAAKvD,gBAAgB0C,EAAhB,CAAmBC,KAAnB,CAAyBM,CAAzB,CAAT;;AACA,QAAIO,KAAKxD,gBAAgB0C,EAAhB,CAAmBC,KAAnB,CAAyBO,CAAzB,CAAT;;AAEA,QAAMO,KAAKzD,gBAAgB0C,EAAhB,CAAmBU,UAAnB,CAA8BG,EAA9B,CAAX;;AACA,QAAMG,KAAK1D,gBAAgB0C,EAAhB,CAAmBU,UAAnB,CAA8BI,EAA9B,CAAX;;AAEA,QAAIC,OAAOC,EAAX,EAAe;AACb,aAAOD,KAAKC,EAAL,GAAU,CAAC,CAAX,GAAe,CAAtB;AACD,KAjBQ,CAmBT;AACA;;;AACA,QAAIH,OAAOC,EAAX,EAAe;AACb,YAAMlC,MAAM,qCAAN,CAAN;AACD;;AAED,QAAIiC,OAAO,CAAX,EAAc;AAAE;AACd;AACAA,WAAKC,KAAK,CAAV;AACAP,UAAIA,EAAEU,WAAF,EAAJ;AACAT,UAAIA,EAAES,WAAF,EAAJ;AACD;;AAED,QAAIJ,OAAO,CAAX,EAAc;AAAE;AACd;AACAA,WAAKC,KAAK,CAAV;AACAP,UAAIA,EAAEW,OAAF,EAAJ;AACAV,UAAIA,EAAEU,OAAF,EAAJ;AACD;;AAED,QAAIL,OAAO,CAAX,EAAc;AACZ,aAAON,IAAIC,CAAX;AAEF,QAAIM,OAAO,CAAX,EAAc;AACZ,aAAOP,IAAIC,CAAJ,GAAQ,CAAC,CAAT,GAAaD,MAAMC,CAAN,GAAU,CAAV,GAAc,CAAlC;;AAEF,QAAIK,OAAO,CAAX,EAAc;AAAE;AACd;AACA,UAAMM,UAAU,kBAAU;AACxB,YAAMjC,SAAS,EAAf;AAEAP,eAAOmB,IAAP,CAAYsB,MAAZ,EAAoBC,OAApB,CAA4B,eAAO;AACjCnC,iBAAOoC,IAAP,CAAYC,GAAZ,EAAiBH,OAAOG,GAAP,CAAjB;AACD,SAFD;AAIA,eAAOrC,MAAP;AACD,OARD;;AAUA,aAAO5B,gBAAgB0C,EAAhB,CAAmBY,IAAnB,CAAwBO,QAAQZ,CAAR,CAAxB,EAAoCY,QAAQX,CAAR,CAApC,CAAP;AACD;;AAED,QAAIK,OAAO,CAAX,EAAc;AAAE;AACd,WAAK,IAAIW,IAAI,CAAb,GAAkBA,GAAlB,EAAuB;AACrB,YAAIA,MAAMjB,EAAEkB,MAAZ,EAAoB;AAClB,iBAAOD,MAAMhB,EAAEiB,MAAR,GAAiB,CAAjB,GAAqB,CAAC,CAA7B;AACD;;AAED,YAAID,MAAMhB,EAAEiB,MAAZ,EAAoB;AAClB,iBAAO,CAAP;AACD;;AAED,YAAMC,IAAIpE,gBAAgB0C,EAAhB,CAAmBY,IAAnB,CAAwBL,EAAEiB,CAAF,CAAxB,EAA8BhB,EAAEgB,CAAF,CAA9B,CAAV;;AACA,YAAIE,MAAM,CAAV,EAAa;AACX,iBAAOA,CAAP;AACD;AACF;AACF;;AAED,QAAIb,OAAO,CAAX,EAAc;AAAE;AACd;AACA;AACA,UAAIN,EAAEkB,MAAF,KAAajB,EAAEiB,MAAnB,EAA2B;AACzB,eAAOlB,EAAEkB,MAAF,GAAWjB,EAAEiB,MAApB;AACD;;AAED,WAAK,IAAID,KAAI,CAAb,EAAgBA,KAAIjB,EAAEkB,MAAtB,EAA8BD,IAA9B,EAAmC;AACjC,YAAIjB,EAAEiB,EAAF,IAAOhB,EAAEgB,EAAF,CAAX,EAAiB;AACf,iBAAO,CAAC,CAAR;AACD;;AAED,YAAIjB,EAAEiB,EAAF,IAAOhB,EAAEgB,EAAF,CAAX,EAAiB;AACf,iBAAO,CAAP;AACD;AACF;;AAED,aAAO,CAAP;AACD;;AAED,QAAIX,OAAO,CAAX,EAAc;AAAE;AACd,UAAIN,CAAJ,EAAO;AACL,eAAOC,IAAI,CAAJ,GAAQ,CAAf;AACD;;AAED,aAAOA,IAAI,CAAC,CAAL,GAAS,CAAhB;AACD;;AAED,QAAIK,OAAO,EAAX,EAAe;AACb,aAAO,CAAP;AAEF,QAAIA,OAAO,EAAX,EAAe;AACb,YAAMjC,MAAM,6CAAN,CAAN,CA7GO,CA6GqD;AAE9D;AACA;AACA;AACA;AACA;AACA;AACA;AACA;;AACA,QAAIiC,OAAO,EAAX,EAAe;AACb,YAAMjC,MAAM,0CAAN,CAAN,CAxHO,CAwHkD;;AAE3D,UAAMA,MAAM,sBAAN,CAAN;AACD;AA1NkB,CAArB","file":"packages/minimongo/matcher.js.map","sourcesContent":["import LocalCollection from './local_collection.js';\nimport {\n  compileDocumentSelector,\n  hasOwn,\n  nothingMatcher,\n} from './common.js';\n\n// The minimongo selector compiler!\n\n// Terminology:\n//  - a 'selector' is the EJSON object representing a selector\n//  - a 'matcher' is its compiled form (whether a full Minimongo.Matcher\n//    object or one of the component lambdas that matches parts of it)\n//  - a 'result object' is an object with a 'result' field and maybe\n//    distance and arrayIndices.\n//  - a 'branched value' is an object with a 'value' field and maybe\n//    'dontIterate' and 'arrayIndices'.\n//  - a 'document' is a top-level object that can be stored in a collection.\n//  - a 'lookup function' is a function that takes in a document and returns\n//    an array of 'branched values'.\n//  - a 'branched matcher' maps from an array of branched values to a result\n//    object.\n//  - an 'element matcher' maps from a single value to a bool.\n\n// Main entry point.\n//   var matcher = new Minimongo.Matcher({a: {$gt: 5}});\n//   if (matcher.documentMatches({a: 7})) ...\nexport default class Matcher {\n  constructor(selector, isUpdate) {\n    // A set (object mapping string -> *) of all of the document paths looked\n    // at by the selector. Also includes the empty string if it may look at any\n    // path (eg, $where).\n    this._paths = {};\n    // Set to true if compilation finds a $near.\n    this._hasGeoQuery = false;\n    // Set to true if compilation finds a $where.\n    this._hasWhere = false;\n    // Set to false if compilation finds anything other than a simple equality\n    // or one or more of '$gt', '$gte', '$lt', '$lte', '$ne', '$in', '$nin' used\n    // with scalars as operands.\n    this._isSimple = true;\n    // Set to a dummy document which always matches this Matcher. Or set to null\n    // if such document is too hard to find.\n    this._matchingDocument = undefined;\n    // A clone of the original selector. It may just be a function if the user\n    // passed in a function; otherwise is definitely an object (eg, IDs are\n    // translated into {_id: ID} first. Used by canBecomeTrueByModifier and\n    // Sorter._useWithMatcher.\n    this._selector = null;\n    this._docMatcher = this._compileSelector(selector);\n    // Set to true if selection is done for an update operation\n    // Default is false\n    // Used for $near array update (issue #3599)\n    this._isUpdate = isUpdate;\n  }\n\n  documentMatches(doc) {\n    if (doc !== Object(doc)) {\n      throw Error('documentMatches needs a document');\n    }\n\n    return this._docMatcher(doc);\n  }\n\n  hasGeoQuery() {\n    return this._hasGeoQuery;\n  }\n\n  hasWhere() {\n    return this._hasWhere;\n  }\n\n  isSimple() {\n    return this._isSimple;\n  }\n\n  // Given a selector, return a function that takes one argument, a\n  // document. It returns a result object.\n  _compileSelector(selector) {\n    // you can pass a literal function instead of a selector\n    if (selector instanceof Function) {\n      this._isSimple = false;\n      this._selector = selector;\n      this._recordPathUsed('');\n\n      return doc => ({result: !!selector.call(doc)});\n    }\n\n    // shorthand -- scalar _id\n    if (LocalCollection._selectorIsId(selector)) {\n      this._selector = {_id: selector};\n      this._recordPathUsed('_id');\n\n      return doc => ({result: EJSON.equals(doc._id, selector)});\n    }\n\n    // protect against dangerous selectors.  falsey and {_id: falsey} are both\n    // likely programmer error, and not what you want, particularly for\n    // destructive operations.\n    if (!selector || hasOwn.call(selector, '_id') && !selector._id) {\n      this._isSimple = false;\n      return nothingMatcher;\n    }\n\n    // Top level can't be an array or true or binary.\n    if (Array.isArray(selector) ||\n        EJSON.isBinary(selector) ||\n        typeof selector === 'boolean') {\n      throw new Error(`Invalid selector: ${selector}`);\n    }\n\n    this._selector = EJSON.clone(selector);\n\n    return compileDocumentSelector(selector, this, {isRoot: true});\n  }\n\n  // Returns a list of key paths the given selector is looking for. It includes\n  // the empty string if there is a $where.\n  _getPaths() {\n    return Object.keys(this._paths);\n  }\n\n  _recordPathUsed(path) {\n    this._paths[path] = true;\n  }\n}\n\n// helpers used by compiled selector code\nLocalCollection._f = {\n  // XXX for _all and _in, consider building 'inquery' at compile time..\n  _type(v) {\n    if (typeof v === 'number') {\n      return 1;\n    }\n\n    if (typeof v === 'string') {\n      return 2;\n    }\n\n    if (typeof v === 'boolean') {\n      return 8;\n    }\n\n    if (Array.isArray(v)) {\n      return 4;\n    }\n\n    if (v === null) {\n      return 10;\n    }\n\n    // note that typeof(/x/) === \"object\"\n    if (v instanceof RegExp) {\n      return 11;\n    }\n\n    if (typeof v === 'function') {\n      return 13;\n    }\n\n    if (v instanceof Date) {\n      return 9;\n    }\n\n    if (EJSON.isBinary(v)) {\n      return 5;\n    }\n\n    if (v instanceof MongoID.ObjectID) {\n      return 7;\n    }\n\n    // object\n    return 3;\n\n    // XXX support some/all of these:\n    // 14, symbol\n    // 15, javascript code with scope\n    // 16, 18: 32-bit/64-bit integer\n    // 17, timestamp\n    // 255, minkey\n    // 127, maxkey\n  },\n\n  // deep equality test: use for literal document and array matches\n  _equal(a, b) {\n    return EJSON.equals(a, b, {keyOrderSensitive: true});\n  },\n\n  // maps a type code to a value that can be used to sort values of different\n  // types\n  _typeorder(t) {\n    // http://www.mongodb.org/display/DOCS/What+is+the+Compare+Order+for+BSON+Types\n    // XXX what is the correct sort position for Javascript code?\n    // ('100' in the matrix below)\n    // XXX minkey/maxkey\n    return [\n      -1,  // (not a type)\n      1,   // number\n      2,   // string\n      3,   // object\n      4,   // array\n      5,   // binary\n      -1,  // deprecated\n      6,   // ObjectID\n      7,   // bool\n      8,   // Date\n      0,   // null\n      9,   // RegExp\n      -1,  // deprecated\n      100, // JS code\n      2,   // deprecated (symbol)\n      100, // JS code\n      1,   // 32-bit int\n      8,   // Mongo timestamp\n      1    // 64-bit int\n    ][t];\n  },\n\n  // compare two values of unknown type according to BSON ordering\n  // semantics. (as an extension, consider 'undefined' to be less than\n  // any other value.) return negative if a is less, positive if b is\n  // less, or 0 if equal\n  _cmp(a, b) {\n    if (a === undefined) {\n      return b === undefined ? 0 : -1;\n    }\n\n    if (b === undefined) {\n      return 1;\n    }\n\n    let ta = LocalCollection._f._type(a);\n    let tb = LocalCollection._f._type(b);\n\n    const oa = LocalCollection._f._typeorder(ta);\n    const ob = LocalCollection._f._typeorder(tb);\n\n    if (oa !== ob) {\n      return oa < ob ? -1 : 1;\n    }\n\n    // XXX need to implement this if we implement Symbol or integers, or\n    // Timestamp\n    if (ta !== tb) {\n      throw Error('Missing type coercion logic in _cmp');\n    }\n\n    if (ta === 7) { // ObjectID\n      // Convert to string.\n      ta = tb = 2;\n      a = a.toHexString();\n      b = b.toHexString();\n    }\n\n    if (ta === 9) { // Date\n      // Convert to millis.\n      ta = tb = 1;\n      a = a.getTime();\n      b = b.getTime();\n    }\n\n    if (ta === 1) // double\n      return a - b;\n\n    if (tb === 2) // string\n      return a < b ? -1 : a === b ? 0 : 1;\n\n    if (ta === 3) { // Object\n      // this could be much more efficient in the expected case ...\n      const toArray = object => {\n        const result = [];\n\n        Object.keys(object).forEach(key => {\n          result.push(key, object[key]);\n        });\n\n        return result;\n      };\n\n      return LocalCollection._f._cmp(toArray(a), toArray(b));\n    }\n\n    if (ta === 4) { // Array\n      for (let i = 0; ; i++) {\n        if (i === a.length) {\n          return i === b.length ? 0 : -1;\n        }\n\n        if (i === b.length) {\n          return 1;\n        }\n\n        const s = LocalCollection._f._cmp(a[i], b[i]);\n        if (s !== 0) {\n          return s;\n        }\n      }\n    }\n\n    if (ta === 5) { // binary\n      // Surprisingly, a small binary blob is always less than a large one in\n      // Mongo.\n      if (a.length !== b.length) {\n        return a.length - b.length;\n      }\n\n      for (let i = 0; i < a.length; i++) {\n        if (a[i] < b[i]) {\n          return -1;\n        }\n\n        if (a[i] > b[i]) {\n          return 1;\n        }\n      }\n\n      return 0;\n    }\n\n    if (ta === 8) { // boolean\n      if (a) {\n        return b ? 0 : 1;\n      }\n\n      return b ? -1 : 0;\n    }\n\n    if (ta === 10) // null\n      return 0;\n\n    if (ta === 11) // regexp\n      throw Error('Sorting not supported on regular expression'); // XXX\n\n    // 13: javascript code\n    // 14: symbol\n    // 15: javascript code with scope\n    // 16: 32-bit integer\n    // 17: timestamp\n    // 18: 64-bit integer\n    // 255: minkey\n    // 127: maxkey\n    if (ta === 13) // javascript code\n      throw Error('Sorting not supported on Javascript code'); // XXX\n\n    throw Error('Unknown type to sort');\n  },\n};\n"]},"hash":"30aded120ed9033e8bf41254e171226be1600073"}
