{"metadata":{"usedHelpers":["inherits","possibleConstructorReturn","classCallCheck","interopRequireDefault"],"marked":[],"modules":{"imports":[{"source":"react","imported":["default","Component"],"specifiers":[{"kind":"named","imported":"default","local":"React"},{"kind":"named","imported":"Component","local":"Component"}]},{"source":"react-dom","imported":["default"],"specifiers":[{"kind":"named","imported":"default","local":"ReactDOM"}]},{"source":"meteor/templating","imported":["Template"],"specifiers":[{"kind":"named","imported":"Template","local":"Template"}]},{"source":"meteor/blaze","imported":["Blaze"],"specifiers":[{"kind":"named","imported":"Blaze","local":"Blaze"}]}],"exports":{"exported":["AccountsUIWrapper"],"specifiers":[{"kind":"local","local":"AccountsUIWrapper","exported":"default"}]}}},"options":{"filename":"imports/ui/AccountsUIWrapper.jsx","filenameRelative":"imports/ui/AccountsUIWrapper.jsx","env":{"development":{"plugins":[]}},"retainLines":false,"highlightCode":true,"suppressDeprecationMessages":false,"presets":[],"plugins":[[[],{"generateLetDeclarations":true,"enforceStrictMode":false}],[[],null],[[],{"polyfill":false}],[[],null],[[],null],[[],null],[[],{"allowTopLevelThis":true,"strict":false,"loose":true}],[[],null],[[],null],[[],null],[[],null],[[],null],[[],null],[[],null],[[],null],[[],null],[[],null],[[],null],[[],null],[[],{"loose":true}],[[],{"loose":true}],[[],null],[[],{"loose":true}],[[],null],[[],null],[[],null],[[],null],[[],null],[[],null],[[],{"loose":true}],[[],null],[[],null],[[],null],[[],null],[[],null],[[],null],[[],null]],"ignore":[],"code":true,"metadata":true,"ast":true,"comments":true,"compact":false,"minified":false,"sourceMap":true,"sourceMaps":true,"sourceMapTarget":"imports/ui/AccountsUIWrapper.jsx.map","sourceFileName":"imports/ui/AccountsUIWrapper.jsx","babelrc":false,"sourceType":"module","moduleIds":false,"passPerPreset":false,"parserOpts":false,"generatorOpts":false,"basename":"AccountsUIWrapper"},"ignored":false,"code":"var _classCallCheck2 = require(\"babel-runtime/helpers/classCallCheck\");\n\nvar _classCallCheck3 = _interopRequireDefault(_classCallCheck2);\n\nvar _possibleConstructorReturn2 = require(\"babel-runtime/helpers/possibleConstructorReturn\");\n\nvar _possibleConstructorReturn3 = _interopRequireDefault(_possibleConstructorReturn2);\n\nvar _inherits2 = require(\"babel-runtime/helpers/inherits\");\n\nvar _inherits3 = _interopRequireDefault(_inherits2);\n\nfunction _interopRequireDefault(obj) { return obj && obj.__esModule ? obj : { \"default\": obj }; }\n\nmodule.export({\n  \"default\": function () {\n    return AccountsUIWrapper;\n  }\n});\nvar React = void 0,\n    Component = void 0;\nmodule.watch(require(\"react\"), {\n  \"default\": function (v) {\n    React = v;\n  },\n  Component: function (v) {\n    Component = v;\n  }\n}, 0);\nvar ReactDOM = void 0;\nmodule.watch(require(\"react-dom\"), {\n  \"default\": function (v) {\n    ReactDOM = v;\n  }\n}, 1);\nvar Template = void 0;\nmodule.watch(require(\"meteor/templating\"), {\n  Template: function (v) {\n    Template = v;\n  }\n}, 2);\nvar Blaze = void 0;\nmodule.watch(require(\"meteor/blaze\"), {\n  Blaze: function (v) {\n    Blaze = v;\n  }\n}, 3);\n\nvar AccountsUIWrapper = function (_Component) {\n  (0, _inherits3.default)(AccountsUIWrapper, _Component);\n\n  function AccountsUIWrapper() {\n    (0, _classCallCheck3.default)(this, AccountsUIWrapper);\n    return (0, _possibleConstructorReturn3.default)(this, _Component.apply(this, arguments));\n  }\n\n  AccountsUIWrapper.prototype.componentDidMount = function () {\n    function componentDidMount() {\n      // Use Meteor Blaze to render login buttons\n      this.view = Blaze.render(Template.loginButtons, ReactDOM.findDOMNode(this.refs.container));\n    }\n\n    return componentDidMount;\n  }();\n\n  AccountsUIWrapper.prototype.componentWillUnmount = function () {\n    function componentWillUnmount() {\n      // Clean up Blaze view\n      Blaze.remove(this.view);\n    }\n\n    return componentWillUnmount;\n  }();\n\n  AccountsUIWrapper.prototype.render = function () {\n    function render() {\n      // Just render a placeholder container that will be filled in\n      return null;\n    }\n\n    return render;\n  }();\n\n  return AccountsUIWrapper;\n}(Component);","map":{"version":3,"sources":["imports/ui/AccountsUIWrapper.jsx"],"names":["module","export","AccountsUIWrapper","React","Component","watch","require","v","ReactDOM","Template","Blaze","componentDidMount","view","render","loginButtons","findDOMNode","refs","container","componentWillUnmount","remove"],"mappings":";;;;;;;;;;;;;;AAAAA,OAAOC,MAAP,CAAc;AAAC,aAAQ;AAAA,WAAIC,iBAAJ;AAAA;AAAT,CAAd;AAA+C,IAAIC,cAAJ;AAAA,IAAUC,kBAAV;AAAoBJ,OAAOK,KAAP,CAAaC,QAAQ,OAAR,CAAb,EAA8B;AAAA,uBAASC,CAAT,EAAW;AAACJ,YAAMI,CAAN;AAAQ,GAApB;AAAqBH,WAArB,YAA+BG,CAA/B,EAAiC;AAACH,gBAAUG,CAAV;AAAY;AAA9C,CAA9B,EAA8E,CAA9E;AAAiF,IAAIC,iBAAJ;AAAaR,OAAOK,KAAP,CAAaC,QAAQ,WAAR,CAAb,EAAkC;AAAA,uBAASC,CAAT,EAAW;AAACC,eAASD,CAAT;AAAW;AAAvB,CAAlC,EAA2D,CAA3D;AAA8D,IAAIE,iBAAJ;AAAaT,OAAOK,KAAP,CAAaC,QAAQ,mBAAR,CAAb,EAA0C;AAACG,UAAD,YAAUF,CAAV,EAAY;AAACE,eAASF,CAAT;AAAW;AAAxB,CAA1C,EAAoE,CAApE;AAAuE,IAAIG,cAAJ;AAAUV,OAAOK,KAAP,CAAaC,QAAQ,cAAR,CAAb,EAAqC;AAACI,OAAD,YAAOH,CAAP,EAAS;AAACG,YAAMH,CAAN;AAAQ;AAAlB,CAArC,EAAyD,CAAzD;;IAKxSL,iB;;;;;;;;8BACnBS,iB;iCAAoB;AAClB;AACA,WAAKC,IAAL,GAAYF,MAAMG,MAAN,CAAaJ,SAASK,YAAtB,EACVN,SAASO,WAAT,CAAqB,KAAKC,IAAL,CAAUC,SAA/B,CADU,CAAZ;AAED;;;;;8BACDC,oB;oCAAuB;AACrB;AACAR,YAAMS,MAAN,CAAa,KAAKP,IAAlB;AACD;;;;;8BACDC,M;sBAAS;AACP;AACA,aAAO,IAAP;AACD;;;;;;EAb4CT,S","file":"imports/ui/AccountsUIWrapper.jsx.map","sourcesContent":["import React, { Component } from 'react';\nimport ReactDOM from 'react-dom';\nimport { Template } from 'meteor/templating';\nimport { Blaze } from 'meteor/blaze';\n \nexport default class AccountsUIWrapper extends Component {\n  componentDidMount() {\n    // Use Meteor Blaze to render login buttons\n    this.view = Blaze.render(Template.loginButtons,\n      ReactDOM.findDOMNode(this.refs.container));\n  }\n  componentWillUnmount() {\n    // Clean up Blaze view\n    Blaze.remove(this.view);\n  }\n  render() {\n    // Just render a placeholder container that will be filled in\n    return null;\n  }\n}"]},"hash":"325a27182194d42cdbe33cfecb69228c1aa0b87b"}
