{"metadata":{"usedHelpers":[],"marked":[],"modules":{"imports":[{"source":"./minimongo_common.js","imported":[],"specifiers":[]}],"exports":{"exported":[],"specifiers":[]}}},"options":{"filename":"packages/minimongo/minimongo_client.js","filenameRelative":"packages/minimongo/minimongo_client.js","env":{"development":{"plugins":[]}},"retainLines":false,"highlightCode":true,"suppressDeprecationMessages":false,"presets":[],"plugins":[[[],{"generateLetDeclarations":true,"enforceStrictMode":false}],[[],null],[[],{"polyfill":false}],[[],null],[[],null],[[],null],[[],{"allowTopLevelThis":true,"strict":false,"loose":true}],[[],null],[[],null],[[],null],[[],null],[[],null],[[],null],[[],null],[[],null],[[],null],[[],null],[[],null],[[],null],[[],{"loose":true}],[[],{"loose":true}],[[],null],[[],{"loose":true}],[[],null],[[],null],[[],null],[[],null],[[],null],[[],null],[[],{"loose":true}],[[],null],[[],null],[[],null],[[],null],[[],null],[[],null],[[],null]],"ignore":[],"code":true,"metadata":true,"ast":true,"comments":true,"compact":false,"minified":false,"sourceMap":true,"sourceMaps":true,"sourceMapTarget":"packages/minimongo/minimongo_client.js.map","sourceFileName":"packages/minimongo/minimongo_client.js","babelrc":false,"sourceType":"module","moduleIds":false,"passPerPreset":false,"parserOpts":false,"generatorOpts":false,"basename":"minimongo_client"},"ignored":false,"code":"module.watch(require(\"./minimongo_common.js\"));","map":{"version":3,"sources":["packages/minimongo/minimongo_client.js"],"names":["module","watch","require"],"mappings":"AAAAA,OAAOC,KAAP,CAAaC,QAAQ,uBAAR,CAAb","file":"packages/minimongo/minimongo_client.js.map","sourcesContent":["import './minimongo_common.js';\n"]},"hash":"4c30724eb850346a5bcaeb0a053694af2f2edb50"}
