{"metadata":{"usedHelpers":[],"marked":[],"modules":{"imports":[{"source":"meteor/meteor","imported":["Meteor"],"specifiers":[{"kind":"named","imported":"Meteor","local":"Meteor"}]},{"source":"meteor/mongo","imported":["Mongo"],"specifiers":[{"kind":"named","imported":"Mongo","local":"Mongo"}]},{"source":"meteor/check","imported":["check"],"specifiers":[{"kind":"named","imported":"check","local":"check"}]}],"exports":{"exported":["Tasks"],"specifiers":[{"kind":"local","local":"Tasks","exported":"Tasks"}]}}},"options":{"filename":"imports/api/tasks.js","filenameRelative":"imports/api/tasks.js","env":{"development":{"plugins":[]}},"retainLines":false,"highlightCode":true,"suppressDeprecationMessages":false,"presets":[],"plugins":[[[],{"generateLetDeclarations":true,"enforceStrictMode":false}],[[],null],[[],{"polyfill":false}],[[],null],[[],null],[[],null],[[],{"allowTopLevelThis":true,"strict":false,"loose":true}],[[],null],[[],null],[[],null],[[],null],[[],null],[[],null],[[],null],[[],null],[[],null],[[],null],[[],null],[[],null],[[],{"loose":true}],[[],{"loose":true}],[[],null],[[],{"loose":true}],[[],null],[[],null],[[],null],[[],null],[[],null],[[],null],[[],{"loose":true}],[[],null],[[],null],[[],null],[[],null],[[],null],[[],null],[[],null]],"ignore":[],"code":true,"metadata":true,"ast":true,"comments":true,"compact":false,"minified":false,"sourceMap":true,"sourceMaps":true,"sourceMapTarget":"imports/api/tasks.js.map","sourceFileName":"imports/api/tasks.js","babelrc":false,"sourceType":"module","moduleIds":false,"passPerPreset":false,"parserOpts":false,"generatorOpts":false,"basename":"tasks"},"ignored":false,"code":"module.export({\n  Tasks: function () {\n    return Tasks;\n  }\n});\nvar Meteor = void 0;\nmodule.watch(require(\"meteor/meteor\"), {\n  Meteor: function (v) {\n    Meteor = v;\n  }\n}, 0);\nvar Mongo = void 0;\nmodule.watch(require(\"meteor/mongo\"), {\n  Mongo: function (v) {\n    Mongo = v;\n  }\n}, 1);\nvar check = void 0;\nmodule.watch(require(\"meteor/check\"), {\n  check: function (v) {\n    check = v;\n  }\n}, 2);\nvar Tasks = new Mongo.Collection('tasks');\n\nif (Meteor.isServer) {\n  // This code only runs on the server\n  Meteor.publish('tasks', function () {\n    function tasksPublication() {\n      return Tasks.find();\n    }\n\n    return tasksPublication;\n  }());\n}\n\nMeteor.methods({\n  'tasks.insert': function (text) {\n    check(text, String); // Make sure the user is logged in before inserting a task\n\n    if (!Meteor.userId()) {\n      throw new Meteor.Error('not-authorized');\n    }\n\n    Tasks.insert({\n      text: text,\n      createdAt: new Date(),\n      owner: Meteor.userId(),\n      username: Meteor.user().username\n    });\n  },\n  'tasks.remove': function (taskId) {\n    check(taskId, String);\n    Tasks.remove(taskId);\n  },\n  'tasks.setChecked': function (taskId, setChecked) {\n    check(taskId, String);\n    check(setChecked, Boolean);\n    Tasks.update(taskId, {\n      $set: {\n        checked: setChecked\n      }\n    });\n  },\n  'tasks.setPrivate': function (taskId, setToPrivate) {\n    check(taskId, String);\n    check(setToPrivate, Boolean);\n    var task = Tasks.findOne(taskId); // Make sure only the task owner can make a task private\n\n    if (task.owner !== Meteor.userId()) {\n      throw new Meteor.Error('not-authorized');\n    }\n\n    Tasks.update(taskId, {\n      $set: {\n        \"private\": setToPrivate\n      }\n    });\n  }\n});","map":{"version":3,"sources":["imports/api/tasks.js"],"names":["module","export","Tasks","Meteor","watch","require","v","Mongo","check","Collection","isServer","publish","tasksPublication","find","methods","text","String","userId","Error","insert","createdAt","Date","owner","username","user","taskId","remove","setChecked","Boolean","update","$set","checked","setToPrivate","task","findOne"],"mappings":"AAAAA,OAAOC,MAAP,CAAc;AAACC,SAAM;AAAA,WAAIA,KAAJ;AAAA;AAAP,CAAd;AAAiC,IAAIC,eAAJ;AAAWH,OAAOI,KAAP,CAAaC,QAAQ,eAAR,CAAb,EAAsC;AAACF,QAAD,YAAQG,CAAR,EAAU;AAACH,aAAOG,CAAP;AAAS;AAApB,CAAtC,EAA4D,CAA5D;AAA+D,IAAIC,cAAJ;AAAUP,OAAOI,KAAP,CAAaC,QAAQ,cAAR,CAAb,EAAqC;AAACE,OAAD,YAAOD,CAAP,EAAS;AAACC,YAAMD,CAAN;AAAQ;AAAlB,CAArC,EAAyD,CAAzD;AAA4D,IAAIE,cAAJ;AAAUR,OAAOI,KAAP,CAAaC,QAAQ,cAAR,CAAb,EAAqC;AAACG,OAAD,YAAOF,CAAP,EAAS;AAACE,YAAMF,CAAN;AAAQ;AAAlB,CAArC,EAAyD,CAAzD;AAIpL,IAAMJ,QAAQ,IAAIK,MAAME,UAAV,CAAqB,OAArB,CAAd;;AAEP,IAAIN,OAAOO,QAAX,EAAqB;AACnB;AACAP,SAAOQ,OAAP,CAAe,OAAf;AAAwB,aAASC,gBAAT,GAA4B;AAClD,aAAOV,MAAMW,IAAN,EAAP;AACD;;AAFD,WAAiCD,gBAAjC;AAAA;AAGD;;AAEDT,OAAOW,OAAP,CAAe;AACb,gBADa,YACEC,IADF,EACQ;AACnBP,UAAMO,IAAN,EAAYC,MAAZ,EADmB,CAGnB;;AACA,QAAI,CAAEb,OAAOc,MAAP,EAAN,EAAuB;AACrB,YAAM,IAAId,OAAOe,KAAX,CAAiB,gBAAjB,CAAN;AACD;;AAEDhB,UAAMiB,MAAN,CAAa;AACXJ,gBADW;AAEXK,iBAAW,IAAIC,IAAJ,EAFA;AAGXC,aAAOnB,OAAOc,MAAP,EAHI;AAIXM,gBAAUpB,OAAOqB,IAAP,GAAcD;AAJb,KAAb;AAMD,GAfY;AAgBb,gBAhBa,YAgBEE,MAhBF,EAgBU;AACrBjB,UAAMiB,MAAN,EAAcT,MAAd;AAEAd,UAAMwB,MAAN,CAAaD,MAAb;AACD,GApBY;AAqBb,oBArBa,YAqBMA,MArBN,EAqBcE,UArBd,EAqB0B;AACrCnB,UAAMiB,MAAN,EAAcT,MAAd;AACAR,UAAMmB,UAAN,EAAkBC,OAAlB;AAEA1B,UAAM2B,MAAN,CAAaJ,MAAb,EAAqB;AAAEK,YAAM;AAAEC,iBAASJ;AAAX;AAAR,KAArB;AACD,GA1BY;AA2Bb,oBA3Ba,YA2BMF,MA3BN,EA2BcO,YA3Bd,EA2B4B;AACvCxB,UAAMiB,MAAN,EAAcT,MAAd;AACAR,UAAMwB,YAAN,EAAoBJ,OAApB;AAEA,QAAMK,OAAO/B,MAAMgC,OAAN,CAAcT,MAAd,CAAb,CAJuC,CAMvC;;AACA,QAAIQ,KAAKX,KAAL,KAAenB,OAAOc,MAAP,EAAnB,EAAoC;AAClC,YAAM,IAAId,OAAOe,KAAX,CAAiB,gBAAjB,CAAN;AACD;;AAEDhB,UAAM2B,MAAN,CAAaJ,MAAb,EAAqB;AAAEK,YAAM;AAAE,mBAASE;AAAX;AAAR,KAArB;AACD;AAvCY,CAAf","file":"imports/api/tasks.js.map","sourcesContent":["import { Meteor } from 'meteor/meteor';\nimport { Mongo } from 'meteor/mongo';\nimport { check } from 'meteor/check';\n\nexport const Tasks = new Mongo.Collection('tasks');\n\nif (Meteor.isServer) {\n  // This code only runs on the server\n  Meteor.publish('tasks', function tasksPublication() {\n    return Tasks.find();\n  });\n}\n\nMeteor.methods({\n  'tasks.insert'(text) {\n    check(text, String);\n \n    // Make sure the user is logged in before inserting a task\n    if (! Meteor.userId()) {\n      throw new Meteor.Error('not-authorized');\n    }\n \n    Tasks.insert({\n      text,\n      createdAt: new Date(),\n      owner: Meteor.userId(),\n      username: Meteor.user().username,\n    });\n  },\n  'tasks.remove'(taskId) {\n    check(taskId, String);\n \n    Tasks.remove(taskId);\n  },\n  'tasks.setChecked'(taskId, setChecked) {\n    check(taskId, String);\n    check(setChecked, Boolean);\n \n    Tasks.update(taskId, { $set: { checked: setChecked } });\n  },\n  'tasks.setPrivate'(taskId, setToPrivate) {\n    check(taskId, String);\n    check(setToPrivate, Boolean);\n \n    const task = Tasks.findOne(taskId);\n \n    // Make sure only the task owner can make a task private\n    if (task.owner !== Meteor.userId()) {\n      throw new Meteor.Error('not-authorized');\n    }\n \n    Tasks.update(taskId, { $set: { private: setToPrivate } });\n  },\n});\n"]},"hash":"5de56a455167d29007240929d7ce1d7b8bd1f095"}
