{"metadata":{"usedHelpers":["inherits","possibleConstructorReturn","classCallCheck","interopRequireDefault"],"marked":[],"modules":{"imports":[{"source":"react","imported":["default","Component"],"specifiers":[{"kind":"named","imported":"default","local":"React"},{"kind":"named","imported":"Component","local":"Component"}]},{"source":"react-dom","imported":["default"],"specifiers":[{"kind":"named","imported":"default","local":"ReactDOM"}]},{"source":"./Task.jsx","imported":["default"],"specifiers":[{"kind":"named","imported":"default","local":"Task"}]},{"source":"prop-types","imported":["default"],"specifiers":[{"kind":"named","imported":"default","local":"PropTypes"}]},{"source":"meteor/react-meteor-data","imported":["withTracker"],"specifiers":[{"kind":"named","imported":"withTracker","local":"withTracker"}]},{"source":"../api/tasks.js","imported":["Tasks"],"specifiers":[{"kind":"named","imported":"Tasks","local":"Tasks"}]},{"source":"./AccountsUIWrapper.jsx","imported":["default"],"specifiers":[{"kind":"named","imported":"default","local":"AccountsUIWrapper"}]},{"source":"meteor/meteor","imported":["Meteor"],"specifiers":[{"kind":"named","imported":"Meteor","local":"Meteor"}]}],"exports":{"exported":[],"specifiers":[]}}},"options":{"filename":"imports/ui/App.jsx","filenameRelative":"imports/ui/App.jsx","env":{"development":{"plugins":[]}},"retainLines":false,"highlightCode":true,"suppressDeprecationMessages":false,"presets":[],"plugins":[[[],{"generateLetDeclarations":true,"enforceStrictMode":false}],[[],null],[[],{"polyfill":false}],[[],null],[[],null],[[],null],[[],{"allowTopLevelThis":true,"strict":false,"loose":true}],[[],null],[[],null],[[],null],[[],null],[[],null],[[],null],[[],null],[[],null],[[],null],[[],null],[[],null],[[],null],[[],{"loose":true}],[[],{"loose":true}],[[],null],[[],{"loose":true}],[[],null],[[],null],[[],null],[[],null],[[],null],[[],null],[[],{"loose":true}],[[],null],[[],null],[[],null],[[],null],[[],null],[[],null],[[],null]],"ignore":[],"code":true,"metadata":true,"ast":true,"comments":true,"compact":false,"minified":false,"sourceMap":true,"sourceMaps":true,"sourceMapTarget":"imports/ui/App.jsx.map","sourceFileName":"imports/ui/App.jsx","babelrc":false,"sourceType":"module","moduleIds":false,"passPerPreset":false,"parserOpts":false,"generatorOpts":false,"basename":"App"},"ignored":false,"code":"var _classCallCheck2 = require(\"babel-runtime/helpers/classCallCheck\");\n\nvar _classCallCheck3 = _interopRequireDefault(_classCallCheck2);\n\nvar _possibleConstructorReturn2 = require(\"babel-runtime/helpers/possibleConstructorReturn\");\n\nvar _possibleConstructorReturn3 = _interopRequireDefault(_possibleConstructorReturn2);\n\nvar _inherits2 = require(\"babel-runtime/helpers/inherits\");\n\nvar _inherits3 = _interopRequireDefault(_inherits2);\n\nfunction _interopRequireDefault(obj) { return obj && obj.__esModule ? obj : { \"default\": obj }; }\n\nvar React = void 0,\n    Component = void 0;\nmodule.watch(require(\"react\"), {\n  \"default\": function (v) {\n    React = v;\n  },\n  Component: function (v) {\n    Component = v;\n  }\n}, 0);\nvar ReactDOM = void 0;\nmodule.watch(require(\"react-dom\"), {\n  \"default\": function (v) {\n    ReactDOM = v;\n  }\n}, 1);\nvar Task = void 0;\nmodule.watch(require(\"./Task.jsx\"), {\n  \"default\": function (v) {\n    Task = v;\n  }\n}, 2);\nvar PropTypes = void 0;\nmodule.watch(require(\"prop-types\"), {\n  \"default\": function (v) {\n    PropTypes = v;\n  }\n}, 3);\nvar withTracker = void 0;\nmodule.watch(require(\"meteor/react-meteor-data\"), {\n  withTracker: function (v) {\n    withTracker = v;\n  }\n}, 4);\nvar Tasks = void 0;\nmodule.watch(require(\"../api/tasks.js\"), {\n  Tasks: function (v) {\n    Tasks = v;\n  }\n}, 5);\nvar AccountsUIWrapper = void 0;\nmodule.watch(require(\"./AccountsUIWrapper.jsx\"), {\n  \"default\": function (v) {\n    AccountsUIWrapper = v;\n  }\n}, 6);\nvar Meteor = void 0;\nmodule.watch(require(\"meteor/meteor\"), {\n  Meteor: function (v) {\n    Meteor = v;\n  }\n}, 7);\n\n// App component - represents the whole app\nvar App = function (_Component) {\n  (0, _inherits3.default)(App, _Component);\n\n  function App(props) {\n    (0, _classCallCheck3.default)(this, App);\n\n    var _this = (0, _possibleConstructorReturn3.default)(this, _Component.call(this, props));\n\n    _this.state = {\n      hideCompleted: false\n    };\n    return _this;\n  }\n\n  App.prototype.toggleHideCompleted = function () {\n    function toggleHideCompleted() {\n      this.setState({\n        hideCompleted: !this.state.hideCompleted\n      });\n    }\n\n    return toggleHideCompleted;\n  }();\n\n  App.prototype.handleSubmit = function () {\n    function handleSubmit(event) {\n      event.preventDefault(); // Find the text field via the React ref\n\n      var text = ReactDOM.findDOMNode(this.refs.textInput).value.trim();\n      Tasks.insert({\n        text: text,\n        createdAt: new Date(),\n        // current time\n        owner: Meteor.userId(),\n        // _id of logged in user\n        username: Meteor.user().username // username of logged in user\n\n      }); // Clear form\n\n      ReactDOM.findDOMNode(this.refs.textInput).value = '';\n    }\n\n    return handleSubmit;\n  }();\n\n  App.prototype.renderTasks = function () {\n    function renderTasks() {\n      var filteredTasks = this.props.tasks;\n\n      if (this.state.hideCompleted) {\n        filteredTasks = filteredTasks.filter(function (task) {\n          return !task.checked;\n        });\n      }\n\n      return filteredTasks.map(function (task) {\n        return React.createElement(Task, {\n          key: task._id,\n          task: task\n        });\n      });\n    }\n\n    return renderTasks;\n  }();\n\n  App.prototype.render = function () {\n    function render() {\n      return React.createElement(\n        \"div\",\n        {\n          className: \"container\"\n        },\n        React.createElement(\n          \"header\",\n          null,\n          React.createElement(\n            \"h1\",\n            null,\n            \"Todo List (\",\n            this.props.incompleteCount,\n            \")\"\n          ),\n          React.createElement(AccountsUIWrapper, null),\n          this.props.currentUser ? React.createElement(\n            \"form\",\n            {\n              className: \"new-task\",\n              onSubmit: this.handleSubmit.bind(this)\n            },\n            React.createElement(\"input\", {\n              type: \"text\",\n              ref: \"textInput\",\n              placeholder: \"Type to add new tasks\"\n            })\n          ) : ''\n        ),\n        React.createElement(\n          \"ul\",\n          null,\n          this.renderTasks()\n        )\n      );\n    }\n\n    return render;\n  }();\n\n  return App;\n}(Component);\n\nApp.propTypes = {\n  tasks: PropTypes.array.isRequired,\n  incompleteCount: PropTypes.number.isRequired,\n  currentUser: PropTypes.object\n};\nmodule.exportDefault(withTracker(function (props) {\n  return {\n    tasks: Tasks.find({}, {\n      sort: {\n        createdAt: -1\n      }\n    }).fetch(),\n    incompleteCount: Tasks.find({\n      checked: {\n        $ne: true\n      }\n    }).count(),\n    currentUser: Meteor.user()\n  };\n})(App));","map":{"version":3,"sources":["imports/ui/App.jsx"],"names":["React","Component","module","watch","require","v","ReactDOM","Task","PropTypes","withTracker","Tasks","AccountsUIWrapper","Meteor","App","props","state","hideCompleted","toggleHideCompleted","setState","handleSubmit","event","preventDefault","text","findDOMNode","refs","textInput","value","trim","insert","createdAt","Date","owner","userId","username","user","renderTasks","filteredTasks","tasks","filter","task","checked","map","_id","render","incompleteCount","currentUser","bind","propTypes","array","isRequired","number","object","exportDefault","find","sort","fetch","$ne","count"],"mappings":";;;;;;;;;;;;;;AAAA,IAAIA,cAAJ;AAAA,IAAUC,kBAAV;AAAoBC,OAAOC,KAAP,CAAaC,QAAQ,OAAR,CAAb,EAA8B;AAAA,uBAASC,CAAT,EAAW;AAACL,YAAMK,CAAN;AAAQ,GAApB;AAAqBJ,WAArB,YAA+BI,CAA/B,EAAiC;AAACJ,gBAAUI,CAAV;AAAY;AAA9C,CAA9B,EAA8E,CAA9E;AAAiF,IAAIC,iBAAJ;AAAaJ,OAAOC,KAAP,CAAaC,QAAQ,WAAR,CAAb,EAAkC;AAAA,uBAASC,CAAT,EAAW;AAACC,eAASD,CAAT;AAAW;AAAvB,CAAlC,EAA2D,CAA3D;AAA8D,IAAIE,aAAJ;AAASL,OAAOC,KAAP,CAAaC,QAAQ,YAAR,CAAb,EAAmC;AAAA,uBAASC,CAAT,EAAW;AAACE,WAAKF,CAAL;AAAO;AAAnB,CAAnC,EAAwD,CAAxD;AAA2D,IAAIG,kBAAJ;AAAcN,OAAOC,KAAP,CAAaC,QAAQ,YAAR,CAAb,EAAmC;AAAA,uBAASC,CAAT,EAAW;AAACG,gBAAUH,CAAV;AAAY;AAAxB,CAAnC,EAA6D,CAA7D;AAAgE,IAAII,oBAAJ;AAAgBP,OAAOC,KAAP,CAAaC,QAAQ,0BAAR,CAAb,EAAiD;AAACK,aAAD,YAAaJ,CAAb,EAAe;AAACI,kBAAYJ,CAAZ;AAAc;AAA9B,CAAjD,EAAiF,CAAjF;AAAoF,IAAIK,cAAJ;AAAUR,OAAOC,KAAP,CAAaC,QAAQ,iBAAR,CAAb,EAAwC;AAACM,OAAD,YAAOL,CAAP,EAAS;AAACK,YAAML,CAAN;AAAQ;AAAlB,CAAxC,EAA4D,CAA5D;AAA+D,IAAIM,0BAAJ;AAAsBT,OAAOC,KAAP,CAAaC,QAAQ,yBAAR,CAAb,EAAgD;AAAA,uBAASC,CAAT,EAAW;AAACM,wBAAkBN,CAAlB;AAAoB;AAAhC,CAAhD,EAAkF,CAAlF;AAAqF,IAAIO,eAAJ;AAAWV,OAAOC,KAAP,CAAaC,QAAQ,eAAR,CAAb,EAAsC;AAACQ,QAAD,YAAQP,CAAR,EAAU;AAACO,aAAOP,CAAP;AAAS;AAApB,CAAtC,EAA4D,CAA5D;;AAUrmB;IACMQ,G;;;AACL,eAAYC,KAAZ,EAAmB;AAAA;;AAAA,+DAChB,sBAAMA,KAAN,CADgB;;AAGhB,UAAKC,KAAL,GAAa;AACXC,qBAAe;AADJ,KAAb;AAHgB;AAMjB;;gBAEDC,mB;mCAAsB;AACpB,WAAKC,QAAL,CAAc;AACZF,uBAAe,CAAC,KAAKD,KAAL,CAAWC;AADf,OAAd;AAGD;;;;;gBAEDG,Y;0BAAaC,K,EAAO;AAClBA,YAAMC,cAAN,GADkB,CAGlB;;AACA,UAAMC,OAAOhB,SAASiB,WAAT,CAAqB,KAAKC,IAAL,CAAUC,SAA/B,EAA0CC,KAA1C,CAAgDC,IAAhD,EAAb;AAEAjB,YAAMkB,MAAN,CAAa;AACXN,kBADW;AAEXO,mBAAW,IAAIC,IAAJ,EAFA;AAEY;AACvBC,eAAOnB,OAAOoB,MAAP,EAHI;AAGuB;AAClCC,kBAAUrB,OAAOsB,IAAP,GAAcD,QAJb,CAIwB;;AAJxB,OAAb,EANkB,CAalB;;AACA3B,eAASiB,WAAT,CAAqB,KAAKC,IAAL,CAAUC,SAA/B,EAA0CC,KAA1C,GAAkD,EAAlD;AACD;;;;;gBAEDS,W;2BAAc;AACZ,UAAIC,gBAAgB,KAAKtB,KAAL,CAAWuB,KAA/B;;AACA,UAAI,KAAKtB,KAAL,CAAWC,aAAf,EAA8B;AAC5BoB,wBAAgBA,cAAcE,MAAd,CAAqB;AAAA,iBAAQ,CAACC,KAAKC,OAAd;AAAA,SAArB,CAAhB;AACD;;AACD,aAAOJ,cAAcK,GAAd,CAAkB,UAACF,IAAD;AAAA,eACvB,oBAAC,IAAD;AAAM,eAAKA,KAAKG,GAAhB;AAAqB,gBAAMH;AAA3B,UADuB;AAAA,OAAlB,CAAP;AAGD;;;;;gBAEDI,M;sBAAS;AACP,aACE;AAAA;AAAA;AAAK,qBAAU;AAAf;AACE;AAAA;AAAA;AACE;AAAA;AAAA;AAAA;AAAgB,iBAAK7B,KAAL,CAAW8B,eAA3B;AAAA;AAAA,WADF;AAcE,8BAAC,iBAAD,OAdF;AAgBK,eAAK9B,KAAL,CAAW+B,WAAX,GACD;AAAA;AAAA;AAAM,yBAAU,UAAhB;AAA2B,wBAAU,KAAK1B,YAAL,CAAkB2B,IAAlB,CAAuB,IAAvB;AAArC;AACE;AACE,oBAAK,MADP;AAEE,mBAAI,WAFN;AAGE,2BAAY;AAHd;AADF,WADC,GAOS;AAvBd,SADF;AA4BE;AAAA;AAAA;AACG,eAAKX,WAAL;AADH;AA5BF,OADF;AAkCD;;;;;;EA7EelC,S;;AAgFlBY,IAAIkC,SAAJ,GAAgB;AACdV,SAAO7B,UAAUwC,KAAV,CAAgBC,UADT;AAEdL,mBAAiBpC,UAAU0C,MAAV,CAAiBD,UAFpB;AAGdJ,eAAarC,UAAU2C;AAHT,CAAhB;AA3FAjD,OAAOkD,aAAP,CAiGe3C,YAAY,iBAAS;AAClC,SAAO;AACJ4B,WAAO3B,MAAM2C,IAAN,CAAW,EAAX,EAAe;AAAEC,YAAM;AAAEzB,mBAAW,CAAC;AAAd;AAAR,KAAf,EAA4C0B,KAA5C,EADH;AAEJX,qBAAiBlC,MAAM2C,IAAN,CAAW;AAAEb,eAAS;AAAEgB,aAAK;AAAP;AAAX,KAAX,EAAuCC,KAAvC,EAFb;AAGJZ,iBAAajC,OAAOsB,IAAP;AAHT,GAAP;AAKD,CANc,EAMZrB,GANY,CAjGf","file":"imports/ui/App.jsx.map","sourcesContent":["import React, { Component } from 'react';\nimport ReactDOM from 'react-dom';\nimport Task from './Task.jsx';\nimport PropTypes from 'prop-types';\nimport { withTracker } from 'meteor/react-meteor-data'\nimport { Tasks } from '../api/tasks.js';\nimport AccountsUIWrapper from './AccountsUIWrapper.jsx';\nimport { Meteor } from 'meteor/meteor';\n\n\n// App component - represents the whole app\nclass App extends Component {\n constructor(props) {\n    super(props);\n \n    this.state = {\n      hideCompleted: false,\n    };\n  }\n\n  toggleHideCompleted() {\n    this.setState({\n      hideCompleted: !this.state.hideCompleted,\n    });\n  }\n\n  handleSubmit(event) {\n    event.preventDefault();\n \n    // Find the text field via the React ref\n    const text = ReactDOM.findDOMNode(this.refs.textInput).value.trim();\n \n    Tasks.insert({\n      text,\n      createdAt: new Date(), // current time\n      owner: Meteor.userId(),           // _id of logged in user\n      username: Meteor.user().username,  // username of logged in user\n    });\n \n    // Clear form\n    ReactDOM.findDOMNode(this.refs.textInput).value = '';\n  }\n\n  renderTasks() {\n    let filteredTasks = this.props.tasks;\n    if (this.state.hideCompleted) {\n      filteredTasks = filteredTasks.filter(task => !task.checked);\n    }\n    return filteredTasks.map((task) => (\n      <Task key={task._id} task={task} />\n    ));\n  }\n\n  render() {\n    return (\n      <div className=\"container\">\n        <header>\n          <h1>Todo List ({this.props.incompleteCount})</h1>\n\n          {/*<label className=\"hide-completed\">\n            <input\n              type=\"checkbox\"\n              readOnly\n              checked={this.state.hideCompleted}\n              onClick={this.toggleHideCompleted.bind(this)}\n            />\n            Hide Completed Tasks\n          </label>*/}\n\n        {/* THIS IS A COMMENT*/}\n          <AccountsUIWrapper />\n\n           { this.props.currentUser ?\n            <form className=\"new-task\" onSubmit={this.handleSubmit.bind(this)} >\n              <input\n                type=\"text\"\n                ref=\"textInput\"\n                placeholder=\"Type to add new tasks\"\n              />\n            </form> : ''\n          }\n        </header>\n\n        <ul>\n          {this.renderTasks()}\n        </ul>\n      </div>\n    );\n  }\n}\n\nApp.propTypes = {\n  tasks: PropTypes.array.isRequired,\n  incompleteCount: PropTypes.number.isRequired,\n  currentUser: PropTypes.object,\n};\n\nexport default withTracker(props => {\n  return {\n     tasks: Tasks.find({}, { sort: { createdAt: -1 } }).fetch(),\n     incompleteCount: Tasks.find({ checked: { $ne: true } }).count(),\n     currentUser: Meteor.user(),\n  };\n})(App);\n"]},"hash":"856ad90c5ecc31faf85728acae32f901d8975482"}
