{"metadata":{"usedHelpers":["inherits","possibleConstructorReturn","classCallCheck","interopRequireDefault"],"marked":[],"modules":{"imports":[{"source":"react","imported":["default","Component"],"specifiers":[{"kind":"named","imported":"default","local":"React"},{"kind":"named","imported":"Component","local":"Component"}]},{"source":"prop-types","imported":["default"],"specifiers":[{"kind":"named","imported":"default","local":"PropTypes"}]},{"source":"../api/tasks.js","imported":["Tasks"],"specifiers":[{"kind":"named","imported":"Tasks","local":"Tasks"}]},{"source":"meteor/meteor","imported":["Meteor"],"specifiers":[{"kind":"named","imported":"Meteor","local":"Meteor"}]}],"exports":{"exported":["Task"],"specifiers":[{"kind":"local","local":"Task","exported":"default"}]}}},"options":{"filename":"imports/ui/Task.jsx","filenameRelative":"imports/ui/Task.jsx","env":{"development":{"plugins":[]}},"retainLines":false,"highlightCode":true,"suppressDeprecationMessages":false,"presets":[],"plugins":[[[],{"generateLetDeclarations":true,"enforceStrictMode":false}],[[],null],[[],{"polyfill":false}],[[],null],[[],null],[[],null],[[],{"allowTopLevelThis":true,"strict":false,"loose":true}],[[],null],[[],null],[[],null],[[],null],[[],null],[[],null],[[],null],[[],null],[[],null],[[],null],[[],null],[[],null],[[],{"loose":true}],[[],{"loose":true}],[[],null],[[],{"loose":true}],[[],null],[[],null],[[],null],[[],null],[[],null],[[],null],[[],{"loose":true}],[[],null],[[],null],[[],null],[[],null],[[],null],[[],null],[[],null]],"ignore":[],"code":true,"metadata":true,"ast":true,"comments":true,"compact":false,"minified":false,"sourceMap":true,"sourceMaps":true,"sourceMapTarget":"imports/ui/Task.jsx.map","sourceFileName":"imports/ui/Task.jsx","babelrc":false,"sourceType":"module","moduleIds":false,"passPerPreset":false,"parserOpts":false,"generatorOpts":false,"basename":"Task"},"ignored":false,"code":"var _classCallCheck2 = require(\"babel-runtime/helpers/classCallCheck\");\n\nvar _classCallCheck3 = _interopRequireDefault(_classCallCheck2);\n\nvar _possibleConstructorReturn2 = require(\"babel-runtime/helpers/possibleConstructorReturn\");\n\nvar _possibleConstructorReturn3 = _interopRequireDefault(_possibleConstructorReturn2);\n\nvar _inherits2 = require(\"babel-runtime/helpers/inherits\");\n\nvar _inherits3 = _interopRequireDefault(_inherits2);\n\nfunction _interopRequireDefault(obj) { return obj && obj.__esModule ? obj : { \"default\": obj }; }\n\nmodule.export({\n  \"default\": function () {\n    return Task;\n  }\n});\nvar React = void 0,\n    Component = void 0;\nmodule.watch(require(\"react\"), {\n  \"default\": function (v) {\n    React = v;\n  },\n  Component: function (v) {\n    Component = v;\n  }\n}, 0);\nvar PropTypes = void 0;\nmodule.watch(require(\"prop-types\"), {\n  \"default\": function (v) {\n    PropTypes = v;\n  }\n}, 1);\nvar Tasks = void 0;\nmodule.watch(require(\"../api/tasks.js\"), {\n  Tasks: function (v) {\n    Tasks = v;\n  }\n}, 2);\nvar Meteor = void 0;\nmodule.watch(require(\"meteor/meteor\"), {\n  Meteor: function (v) {\n    Meteor = v;\n  }\n}, 3);\n\nvar Task = function (_Component) {\n  (0, _inherits3.default)(Task, _Component);\n\n  function Task() {\n    (0, _classCallCheck3.default)(this, Task);\n    return (0, _possibleConstructorReturn3.default)(this, _Component.apply(this, arguments));\n  }\n\n  Task.prototype.toggleChecked = function () {\n    function toggleChecked() {\n      // Set the checked property to the opposite of its current value\n      Meteor.call('tasks.setChecked', this.props.task._id, !this.props.task.checked);\n    }\n\n    return toggleChecked;\n  }();\n\n  Task.prototype.togglePrivate = function () {\n    function togglePrivate() {\n      Meteor.call('tasks.setPrivate', this.props.task._id, !this.props.task.private);\n    }\n\n    return togglePrivate;\n  }();\n\n  Task.prototype.deleteThisTask = function () {\n    function deleteThisTask() {\n      Meteor.call('tasks.remove', this.props.task._id);\n    }\n\n    return deleteThisTask;\n  }();\n\n  Task.prototype.render = function () {\n    function render() {\n      // Give tasks a different className when they are checked off,\n      // so that we can style them nicely in CSS\n      var taskClassName = this.props.task.checked ? 'checked' : '';\n      return React.createElement(\n        \"li\",\n        {\n          className: taskClassName\n        },\n        React.createElement(\n          \"button\",\n          {\n            className: \"delete\",\n            onClick: this.deleteThisTask.bind(this)\n          },\n          \"\\xD7\"\n        ),\n        React.createElement(\"input\", {\n          type: \"checkbox\",\n          readOnly: true,\n          checked: this.props.task.checked,\n          onClick: this.toggleChecked.bind(this)\n        }),\n        this.props.showPrivateButton ? React.createElement(\n          \"button\",\n          {\n            className: \"toggle-private\",\n            onClick: this.togglePrivate.bind(this)\n          },\n          this.props.task.private ? 'Private' : 'Public'\n        ) : '',\n        React.createElement(\n          \"span\",\n          {\n            className: \"text\"\n          },\n          React.createElement(\n            \"strong\",\n            null,\n            this.props.task.username\n          ),\n          \": \",\n          this.props.task.text\n        )\n      );\n    }\n\n    return render;\n  }();\n\n  return Task;\n}(Component);\n\nTask.propTypes = {\n  // This component gets the task to display through a React prop.\n  // We can use propTypes to indicate it is required\n  task: PropTypes.object.isRequired //showPrivateButton: React.PropTypes.boolean.isRequired, \n\n};","map":{"version":3,"sources":["imports/ui/Task.jsx"],"names":["module","export","Task","React","Component","watch","require","v","PropTypes","Tasks","Meteor","toggleChecked","call","props","task","_id","checked","togglePrivate","private","deleteThisTask","render","taskClassName","bind","showPrivateButton","username","text","propTypes","object","isRequired"],"mappings":";;;;;;;;;;;;;;AAAAA,OAAOC,MAAP,CAAc;AAAC,aAAQ;AAAA,WAAIC,IAAJ;AAAA;AAAT,CAAd;AAAkC,IAAIC,cAAJ;AAAA,IAAUC,kBAAV;AAAoBJ,OAAOK,KAAP,CAAaC,QAAQ,OAAR,CAAb,EAA8B;AAAA,uBAASC,CAAT,EAAW;AAACJ,YAAMI,CAAN;AAAQ,GAApB;AAAqBH,WAArB,YAA+BG,CAA/B,EAAiC;AAACH,gBAAUG,CAAV;AAAY;AAA9C,CAA9B,EAA8E,CAA9E;AAAiF,IAAIC,kBAAJ;AAAcR,OAAOK,KAAP,CAAaC,QAAQ,YAAR,CAAb,EAAmC;AAAA,uBAASC,CAAT,EAAW;AAACC,gBAAUD,CAAV;AAAY;AAAxB,CAAnC,EAA6D,CAA7D;AAAgE,IAAIE,cAAJ;AAAUT,OAAOK,KAAP,CAAaC,QAAQ,iBAAR,CAAb,EAAwC;AAACG,OAAD,YAAOF,CAAP,EAAS;AAACE,YAAMF,CAAN;AAAQ;AAAlB,CAAxC,EAA4D,CAA5D;AAA+D,IAAIG,eAAJ;AAAWV,OAAOK,KAAP,CAAaC,QAAQ,eAAR,CAAb,EAAsC;AAACI,QAAD,YAAQH,CAAR,EAAU;AAACG,aAAOH,CAAP;AAAS;AAApB,CAAtC,EAA4D,CAA5D;;IAMpRL,I;;;;;;;;iBACpBS,a;6BAAgB;AACb;AACID,aAAOE,IAAP,CAAY,kBAAZ,EAAgC,KAAKC,KAAL,CAAWC,IAAX,CAAgBC,GAAhD,EAAqD,CAAC,KAAKF,KAAL,CAAWC,IAAX,CAAgBE,OAAtE;AACL;;;;;iBAEAC,a;6BAAgB;AACfP,aAAOE,IAAP,CAAY,kBAAZ,EAAgC,KAAKC,KAAL,CAAWC,IAAX,CAAgBC,GAAhD,EAAqD,CAAE,KAAKF,KAAL,CAAWC,IAAX,CAAgBI,OAAvE;AACD;;;;;iBAGDC,c;8BAAiB;AACdT,aAAOE,IAAP,CAAY,cAAZ,EAA4B,KAAKC,KAAL,CAAWC,IAAX,CAAgBC,GAA5C;AACF;;;;;iBAEDK,M;sBAAS;AACP;AACA;AACA,UAAMC,gBAAgB,KAAKR,KAAL,CAAWC,IAAX,CAAgBE,OAAhB,GAA0B,SAA1B,GAAsC,EAA5D;AAEA,aACE;AAAA;AAAA;AAAI,qBAAWK;AAAf;AACE;AAAA;AAAA;AAAQ,uBAAU,QAAlB;AAA2B,qBAAS,KAAKF,cAAL,CAAoBG,IAApB,CAAyB,IAAzB;AAApC;AAAA;AAAA,SADF;AAKE;AACE,gBAAK,UADP;AAEE,wBAFF;AAGE,mBAAS,KAAKT,KAAL,CAAWC,IAAX,CAAgBE,OAH3B;AAIE,mBAAS,KAAKL,aAAL,CAAmBW,IAAnB,CAAwB,IAAxB;AAJX,UALF;AAYI,aAAKT,KAAL,CAAWU,iBAAX,GACA;AAAA;AAAA;AAAQ,uBAAU,gBAAlB;AAAmC,qBAAS,KAAKN,aAAL,CAAmBK,IAAnB,CAAwB,IAAxB;AAA5C;AACI,eAAKT,KAAL,CAAWC,IAAX,CAAgBI,OAAhB,GAA0B,SAA1B,GAAsC;AAD1C,SADA,GAIE,EAhBN;AAkBC;AAAA;AAAA;AAAM,uBAAU;AAAhB;AACG;AAAA;AAAA;AAAS,iBAAKL,KAAL,CAAWC,IAAX,CAAgBU;AAAzB,WADH;AAAA;AACiD,eAAKX,KAAL,CAAWC,IAAX,CAAgBW;AADjE;AAlBD,OADF;AAwBD;;;;;;EA5C+BrB,S;;AA+ClCF,KAAKwB,SAAL,GAAiB;AACf;AACA;AACAZ,QAAMN,UAAUmB,MAAV,CAAiBC,UAHR,CAIf;;AAJe,CAAjB","file":"imports/ui/Task.jsx.map","sourcesContent":["import React, { Component } from 'react';\nimport PropTypes from 'prop-types';\nimport { Tasks } from '../api/tasks.js';\nimport { Meteor } from 'meteor/meteor';\n \n// Task component - represents a single todo item\nexport default class Task extends Component {\n\ttoggleChecked() {\n    // Set the checked property to the opposite of its current value\n        Meteor.call('tasks.setChecked', this.props.task._id, !this.props.task.checked);\n  }\n\n   togglePrivate() {\n   \tMeteor.call('tasks.setPrivate', this.props.task._id, ! this.props.task.private);\n  }\n \n\n  deleteThisTask() {\n     Meteor.call('tasks.remove', this.props.task._id);\n  }\n\n  render() {\n    // Give tasks a different className when they are checked off,\n    // so that we can style them nicely in CSS\n    const taskClassName = this.props.task.checked ? 'checked' : '';\n \n    return (\n      <li className={taskClassName}>\n        <button className=\"delete\" onClick={this.deleteThisTask.bind(this)}>\n          &times;\n        </button>\n \n        <input\n          type=\"checkbox\"\n          readOnly\n          checked={this.props.task.checked}\n          onClick={this.toggleChecked.bind(this)}\n        />\n\n        { this.props.showPrivateButton ? (\n          <button className=\"toggle-private\" onClick={this.togglePrivate.bind(this)}>\n            { this.props.task.private ? 'Private' : 'Public' }\n          </button>\n        ) : ''}\n \n       <span className=\"text\">\n          <strong>{this.props.task.username}</strong>: {this.props.task.text}\n        </span>\n      </li>\n    );\n  }\n}\n \nTask.propTypes = {\n  // This component gets the task to display through a React prop.\n  // We can use propTypes to indicate it is required\n  task: PropTypes.object.isRequired,\n  //showPrivateButton: React.PropTypes.boolean.isRequired, \n};"]},"hash":"87034bf61b5f32fc3f09b651c48ed52d3d511f08"}
