{"metadata":{"usedHelpers":[],"marked":[],"modules":{"imports":[{"source":"meteor/accounts-base","imported":["Accounts"],"specifiers":[{"kind":"named","imported":"Accounts","local":"Accounts"}]}],"exports":{"exported":[],"specifiers":[]}}},"options":{"filename":"imports/ui/accounts-config.js","filenameRelative":"imports/ui/accounts-config.js","env":{"development":{"plugins":[]}},"retainLines":false,"highlightCode":true,"suppressDeprecationMessages":false,"presets":[],"plugins":[[[],{"generateLetDeclarations":true,"enforceStrictMode":false}],[[],null],[[],{"polyfill":false}],[[],null],[[],null],[[],null],[[],{"allowTopLevelThis":true,"strict":false,"loose":true}],[[],null],[[],null],[[],null],[[],null],[[],null],[[],null],[[],null],[[],null],[[],null],[[],null],[[],null],[[],null],[[],{"loose":true}],[[],{"loose":true}],[[],null],[[],{"loose":true}],[[],null],[[],null],[[],null],[[],null],[[],null],[[],null],[[],{"loose":true}],[[],null],[[],null],[[],null],[[],null],[[],null],[[],null],[[],null]],"ignore":[],"code":true,"metadata":true,"ast":true,"comments":true,"compact":false,"minified":false,"sourceMap":true,"sourceMaps":true,"sourceMapTarget":"imports/ui/accounts-config.js.map","sourceFileName":"imports/ui/accounts-config.js","babelrc":false,"sourceType":"module","moduleIds":false,"passPerPreset":false,"parserOpts":false,"generatorOpts":false,"basename":"accounts-config"},"ignored":false,"code":"var Accounts = void 0;\nmodule.watch(require(\"meteor/accounts-base\"), {\n  Accounts: function (v) {\n    Accounts = v;\n  }\n}, 0);\nAccounts.ui.config({\n  passwordSignupFields: 'USERNAME_ONLY'\n});","map":{"version":3,"sources":["imports/ui/accounts-config.js"],"names":["Accounts","module","watch","require","v","ui","config","passwordSignupFields"],"mappings":"AAAA,IAAIA,iBAAJ;AAAaC,OAAOC,KAAP,CAAaC,QAAQ,sBAAR,CAAb,EAA6C;AAACH,UAAD,YAAUI,CAAV,EAAY;AAACJ,eAASI,CAAT;AAAW;AAAxB,CAA7C,EAAuE,CAAvE;AAEbJ,SAASK,EAAT,CAAYC,MAAZ,CAAmB;AACjBC,wBAAsB;AADL,CAAnB","file":"imports/ui/accounts-config.js.map","sourcesContent":["import { Accounts } from 'meteor/accounts-base';\n \nAccounts.ui.config({\n  passwordSignupFields: 'USERNAME_ONLY',\n});"]},"hash":"885496f4ca39ae6a28b5a031716f64b70d0036a1"}
