{"metadata":{"usedHelpers":[],"marked":[],"modules":{"imports":[{"source":"react","imported":["default","Component"],"specifiers":[{"kind":"named","imported":"default","local":"React"},{"kind":"named","imported":"Component","local":"Component"}]}],"exports":{"exported":[],"specifiers":[]}}},"options":{"filename":"imports/ui/App.jsx","filenameRelative":"imports/ui/App.jsx","env":{"development":{"plugins":[]}},"retainLines":false,"highlightCode":true,"suppressDeprecationMessages":false,"presets":[],"plugins":[[[],{"generateLetDeclarations":true,"enforceStrictMode":false}],[[],null],[[],{"polyfill":false}],[[],null],[[],null],[[],null],[[],{"allowTopLevelThis":true,"strict":false,"loose":true}],[[],null],[[],null],[[],null],[[],null],[[],null],[[],null],[[],null],[[],null],[[],null],[[],null],[[],null],[[],null],[[],{"loose":true}],[[],{"loose":true}],[[],null],[[],{"loose":true}],[[],null],[[],null],[[],null],[[],null],[[],null],[[],null],[[],{"loose":true}],[[],null],[[],null],[[],null],[[],null],[[],null],[[],null],[[],null]],"ignore":[],"code":true,"metadata":true,"ast":true,"comments":true,"compact":false,"minified":false,"sourceMap":true,"sourceMaps":true,"sourceMapTarget":"imports/ui/App.jsx.map","sourceFileName":"imports/ui/App.jsx","babelrc":false,"sourceType":"module","moduleIds":false,"passPerPreset":false,"parserOpts":false,"generatorOpts":false,"basename":"App"},"ignored":false,"code":"var React = void 0,\n    Component = void 0;\nmodule.watch(require(\"react\"), {\n  \"default\": function (v) {\n    React = v;\n  },\n  Component: function (v) {\n    Component = v;\n  }\n}, 0);\n\n// import Task from './Task.jsx';\n// import PropTypes from 'prop-types';\n// import { withTracker } from 'meteor/react-meteor-data'\n// import { Tasks } from '../api/tasks.js';\n// // App component - represents the whole app\n// class App extends Component {\n//   renderTasks() {\n//     return this.props.tasks.map((task) => (\n//       <Task key={task._id} task={task} />\n//     ));\n//   }\n//   render() {\n//     return (\n//       <div className=\"container\">\n//         <header>\n//           <h1>Todo List</h1>\n//         </header>\n//         <ul>\n//           {this.renderTasks()}\n//         </ul>\n//       </div>\n//     );\n//   }\n// }\n// App.propTypes = {\n//   tasks: PropTypes.array.isRequired,\n// };\n// export default withTracker(props => {\n//   return {\n//     tasks: Tasks.find({}).fetch(),\n//   };\n// }, App);\nvar App = function () {\n  return React.createElement(\n    \"div\",\n    null,\n    \"test\"\n  );\n};","map":{"version":3,"sources":["imports/ui/App.jsx"],"names":["React","Component","module","watch","require","v","App"],"mappings":"AAAA,IAAIA,cAAJ;AAAA,IAAUC,kBAAV;AAAoBC,OAAOC,KAAP,CAAaC,QAAQ,OAAR,CAAb,EAA8B;AAAA,uBAASC,CAAT,EAAW;AAACL,YAAMK,CAAN;AAAQ,GAApB;AAAqBJ,WAArB,YAA+BI,CAA/B,EAAiC;AAACJ,gBAAUI,CAAV;AAAY;AAA9C,CAA9B,EAA8E,CAA9E;;AACpB;AACA;AACA;AACA;AAGA;AACA;AACA;AACA;AACA;AACA;AACA;AAEA;AACA;AACA;AACA;AACA;AACA;AAEA;AACA;AACA;AACA;AACA;AACA;AACA;AAEA;AACA;AACA;AAEA;AACA;AACA;AACA;AACA;AAEA,IAAMC,MAAM;AAAA,SAAM;AAAA;AAAA;AAAA;AAAA,GAAN;AAAA,CAAZ","file":"imports/ui/App.jsx.map","sourcesContent":["import React, { Component } from 'react';\n// import Task from './Task.jsx';\n// import PropTypes from 'prop-types';\n// import { withTracker } from 'meteor/react-meteor-data'\n// import { Tasks } from '../api/tasks.js';\n\n\n// // App component - represents the whole app\n// class App extends Component {\n//   renderTasks() {\n//     return this.props.tasks.map((task) => (\n//       <Task key={task._id} task={task} />\n//     ));\n//   }\n\n//   render() {\n//     return (\n//       <div className=\"container\">\n//         <header>\n//           <h1>Todo List</h1>\n//         </header>\n\n//         <ul>\n//           {this.renderTasks()}\n//         </ul>\n//       </div>\n//     );\n//   }\n// }\n\n// App.propTypes = {\n//   tasks: PropTypes.array.isRequired,\n// };\n\n// export default withTracker(props => {\n//   return {\n//     tasks: Tasks.find({}).fetch(),\n//   };\n// }, App);\n\nconst App = () => <div>test</div>;\n"]},"hash":"8fc098b7718aaa291acacafb30e4df48c9a0bd10"}
