{"metadata":{"usedHelpers":[],"marked":[],"modules":{"imports":[{"source":"meteor/mongo","imported":["Mongo"],"specifiers":[{"kind":"named","imported":"Mongo","local":"Mongo"}]}],"exports":{"exported":[],"specifiers":[]}}},"options":{"filename":"imports/api/tasks.js","filenameRelative":"imports/api/tasks.js","env":{"development":{"plugins":[]}},"retainLines":false,"highlightCode":true,"suppressDeprecationMessages":false,"presets":[],"plugins":[[[],{"generateLetDeclarations":true,"enforceStrictMode":false}],[[],null],[[],{"polyfill":false}],[[],null],[[],null],[[],null],[[],{"allowTopLevelThis":true,"strict":false,"loose":true}],[[],null],[[],null],[[],null],[[],null],[[],null],[[],null],[[],null],[[],null],[[],null],[[],null],[[],null],[[],null],[[],{"loose":true}],[[],{"loose":true}],[[],null],[[],{"loose":true}],[[],null],[[],null],[[],null],[[],null],[[],null],[[],null],[[],{"loose":true}],[[],null],[[],null],[[],null],[[],null],[[],null],[[],null],[[],null]],"ignore":[],"code":true,"metadata":true,"ast":true,"comments":true,"compact":false,"minified":false,"sourceMap":true,"sourceMaps":true,"sourceMapTarget":"imports/api/tasks.js.map","sourceFileName":"imports/api/tasks.js","babelrc":false,"sourceType":"module","moduleIds":false,"passPerPreset":false,"parserOpts":false,"generatorOpts":false,"basename":"tasks"},"ignored":false,"code":"var Mongo = void 0;\nmodule.watch(require(\"meteor/mongo\"), {\n  Mongo: function (v) {\n    Mongo = v;\n  }\n}, 0);\n//export const Tasks = new Mongo.Collection('tasks');\nvar Tasks = [];\nmodule.exportDefault(Tasks);","map":{"version":3,"sources":["imports/api/tasks.js"],"names":["Mongo","module","watch","require","v","Tasks","exportDefault"],"mappings":"AAAA,IAAIA,cAAJ;AAAUC,OAAOC,KAAP,CAAaC,QAAQ,cAAR,CAAb,EAAqC;AAACH,OAAD,YAAOI,CAAP,EAAS;AAACJ,YAAMI,CAAN;AAAQ;AAAlB,CAArC,EAAyD,CAAzD;AAEV;AAEA,IAAMC,QAAQ,EAAd;AAJAJ,OAAOK,aAAP,CAMeD,KANf","file":"imports/api/tasks.js.map","sourcesContent":["import { Mongo } from 'meteor/mongo';\n \n//export const Tasks = new Mongo.Collection('tasks');\n\nconst Tasks = [];\n\nexport default Tasks;"]},"hash":"8fc694101a3ad32745a9fb2553d56a724098f232"}
