{"metadata":{"usedHelpers":["inherits","possibleConstructorReturn","classCallCheck","interopRequireDefault"],"marked":[],"modules":{"imports":[{"source":"react","imported":["default","Component"],"specifiers":[{"kind":"named","imported":"default","local":"React"},{"kind":"named","imported":"Component","local":"Component"}]},{"source":"react-dom","imported":["default"],"specifiers":[{"kind":"named","imported":"default","local":"ReactDOM"}]},{"source":"./Task.jsx","imported":["default"],"specifiers":[{"kind":"named","imported":"default","local":"Task"}]},{"source":"prop-types","imported":["default"],"specifiers":[{"kind":"named","imported":"default","local":"PropTypes"}]},{"source":"meteor/react-meteor-data","imported":["withTracker"],"specifiers":[{"kind":"named","imported":"withTracker","local":"withTracker"}]},{"source":"../api/tasks.js","imported":["Tasks"],"specifiers":[{"kind":"named","imported":"Tasks","local":"Tasks"}]}],"exports":{"exported":[],"specifiers":[]}}},"options":{"filename":"imports/ui/App.jsx","filenameRelative":"imports/ui/App.jsx","env":{"development":{"plugins":[]}},"retainLines":false,"highlightCode":true,"suppressDeprecationMessages":false,"presets":[],"plugins":[[[],{"generateLetDeclarations":true,"enforceStrictMode":false}],[[],null],[[],{"polyfill":false}],[[],null],[[],null],[[],null],[[],{"allowTopLevelThis":true,"strict":false,"loose":true}],[[],null],[[],null],[[],null],[[],null],[[],null],[[],null],[[],null],[[],null],[[],null],[[],null],[[],null],[[],null],[[],{"loose":true}],[[],{"loose":true}],[[],null],[[],{"loose":true}],[[],null],[[],null],[[],null],[[],null],[[],null],[[],null],[[],{"loose":true}],[[],null],[[],null],[[],null],[[],null],[[],null],[[],null],[[],null]],"ignore":[],"code":true,"metadata":true,"ast":true,"comments":true,"compact":false,"minified":false,"sourceMap":true,"sourceMaps":true,"sourceMapTarget":"imports/ui/App.jsx.map","sourceFileName":"imports/ui/App.jsx","babelrc":false,"sourceType":"module","moduleIds":false,"passPerPreset":false,"parserOpts":false,"generatorOpts":false,"basename":"App"},"ignored":false,"code":"var _classCallCheck2 = require(\"babel-runtime/helpers/classCallCheck\");\n\nvar _classCallCheck3 = _interopRequireDefault(_classCallCheck2);\n\nvar _possibleConstructorReturn2 = require(\"babel-runtime/helpers/possibleConstructorReturn\");\n\nvar _possibleConstructorReturn3 = _interopRequireDefault(_possibleConstructorReturn2);\n\nvar _inherits2 = require(\"babel-runtime/helpers/inherits\");\n\nvar _inherits3 = _interopRequireDefault(_inherits2);\n\nfunction _interopRequireDefault(obj) { return obj && obj.__esModule ? obj : { \"default\": obj }; }\n\nvar React = void 0,\n    Component = void 0;\nmodule.watch(require(\"react\"), {\n  \"default\": function (v) {\n    React = v;\n  },\n  Component: function (v) {\n    Component = v;\n  }\n}, 0);\nvar ReactDOM = void 0;\nmodule.watch(require(\"react-dom\"), {\n  \"default\": function (v) {\n    ReactDOM = v;\n  }\n}, 1);\nvar Task = void 0;\nmodule.watch(require(\"./Task.jsx\"), {\n  \"default\": function (v) {\n    Task = v;\n  }\n}, 2);\nvar PropTypes = void 0;\nmodule.watch(require(\"prop-types\"), {\n  \"default\": function (v) {\n    PropTypes = v;\n  }\n}, 3);\nvar withTracker = void 0;\nmodule.watch(require(\"meteor/react-meteor-data\"), {\n  withTracker: function (v) {\n    withTracker = v;\n  }\n}, 4);\nvar Tasks = void 0;\nmodule.watch(require(\"../api/tasks.js\"), {\n  Tasks: function (v) {\n    Tasks = v;\n  }\n}, 5);\n\n// App component - represents the whole app\nvar App = function (_Component) {\n  (0, _inherits3.default)(App, _Component);\n\n  function App() {\n    (0, _classCallCheck3.default)(this, App);\n    return (0, _possibleConstructorReturn3.default)(this, _Component.apply(this, arguments));\n  }\n\n  App.prototype.handleSubmit = function () {\n    function handleSubmit(event) {\n      event.preventDefault(); // Find the text field via the React ref\n\n      var text = ReactDOM.findDOMNode(this.refs.textInput).value.trim();\n      Tasks.insert({\n        text: text,\n        createdAt: new Date() // current time\n\n      }); // Clear form\n\n      ReactDOM.findDOMNode(this.refs.textInput).value = '';\n    }\n\n    return handleSubmit;\n  }();\n\n  App.prototype.renderTasks = function () {\n    function renderTasks() {\n      return this.props.tasks.map(function (task) {\n        return React.createElement(Task, {\n          key: task._id,\n          task: task\n        });\n      });\n    }\n\n    return renderTasks;\n  }();\n\n  App.prototype.render = function () {\n    function render() {\n      this.hideCompleted = true;\n      return React.createElement(\n        \"div\",\n        {\n          className: \"container\"\n        },\n        React.createElement(\n          \"header\",\n          null,\n          React.createElement(\n            \"h1\",\n            null,\n            \"Todo List\"\n          ),\n          React.createElement(\n            \"label\",\n            {\n              className: \"hide-completed\"\n            },\n            React.createElement(\"input\", {\n              type: \"checkbox\",\n              readOnly: true,\n              checked: this.state.hideCompleted,\n              onClick: this.toggleHideCompleted.bind(this)\n            }),\n            \"Hide Completed Tasks\"\n          ),\n          React.createElement(\n            \"form\",\n            {\n              className: \"new-task\",\n              onSubmit: this.handleSubmit.bind(this)\n            },\n            React.createElement(\"input\", {\n              type: \"text\",\n              ref: \"textInput\",\n              placeholder: \"Type to add new tasks\"\n            })\n          )\n        ),\n        React.createElement(\n          \"ul\",\n          null,\n          this.renderTasks()\n        )\n      );\n    }\n\n    return render;\n  }();\n\n  return App;\n}(Component);\n\nApp.propTypes = {\n  tasks: PropTypes.array.isRequired\n};\nmodule.exportDefault(withTracker(function (props) {\n  return {\n    tasks: Tasks.find({}, {\n      sort: {\n        createdAt: -1\n      }\n    }).fetch()\n  };\n})(App));","map":{"version":3,"sources":["imports/ui/App.jsx"],"names":["React","Component","module","watch","require","v","ReactDOM","Task","PropTypes","withTracker","Tasks","App","handleSubmit","event","preventDefault","text","findDOMNode","refs","textInput","value","trim","insert","createdAt","Date","renderTasks","props","tasks","map","task","_id","render","hideCompleted","state","toggleHideCompleted","bind","propTypes","array","isRequired","exportDefault","find","sort","fetch"],"mappings":";;;;;;;;;;;;;;AAAA,IAAIA,cAAJ;AAAA,IAAUC,kBAAV;AAAoBC,OAAOC,KAAP,CAAaC,QAAQ,OAAR,CAAb,EAA8B;AAAA,uBAASC,CAAT,EAAW;AAACL,YAAMK,CAAN;AAAQ,GAApB;AAAqBJ,WAArB,YAA+BI,CAA/B,EAAiC;AAACJ,gBAAUI,CAAV;AAAY;AAA9C,CAA9B,EAA8E,CAA9E;AAAiF,IAAIC,iBAAJ;AAAaJ,OAAOC,KAAP,CAAaC,QAAQ,WAAR,CAAb,EAAkC;AAAA,uBAASC,CAAT,EAAW;AAACC,eAASD,CAAT;AAAW;AAAvB,CAAlC,EAA2D,CAA3D;AAA8D,IAAIE,aAAJ;AAASL,OAAOC,KAAP,CAAaC,QAAQ,YAAR,CAAb,EAAmC;AAAA,uBAASC,CAAT,EAAW;AAACE,WAAKF,CAAL;AAAO;AAAnB,CAAnC,EAAwD,CAAxD;AAA2D,IAAIG,kBAAJ;AAAcN,OAAOC,KAAP,CAAaC,QAAQ,YAAR,CAAb,EAAmC;AAAA,uBAASC,CAAT,EAAW;AAACG,gBAAUH,CAAV;AAAY;AAAxB,CAAnC,EAA6D,CAA7D;AAAgE,IAAII,oBAAJ;AAAgBP,OAAOC,KAAP,CAAaC,QAAQ,0BAAR,CAAb,EAAiD;AAACK,aAAD,YAAaJ,CAAb,EAAe;AAACI,kBAAYJ,CAAZ;AAAc;AAA9B,CAAjD,EAAiF,CAAjF;AAAoF,IAAIK,cAAJ;AAAUR,OAAOC,KAAP,CAAaC,QAAQ,iBAAR,CAAb,EAAwC;AAACM,OAAD,YAAOL,CAAP,EAAS;AAACK,YAAML,CAAN;AAAQ;AAAlB,CAAxC,EAA4D,CAA5D;;AAQhb;IACMM,G;;;;;;;;gBAGJC,Y;0BAAaC,K,EAAO;AAClBA,YAAMC,cAAN,GADkB,CAGlB;;AACA,UAAMC,OAAOT,SAASU,WAAT,CAAqB,KAAKC,IAAL,CAAUC,SAA/B,EAA0CC,KAA1C,CAAgDC,IAAhD,EAAb;AAEAV,YAAMW,MAAN,CAAa;AACXN,kBADW;AAEXO,mBAAW,IAAIC,IAAJ,EAFA,CAEY;;AAFZ,OAAb,EANkB,CAWlB;;AACAjB,eAASU,WAAT,CAAqB,KAAKC,IAAL,CAAUC,SAA/B,EAA0CC,KAA1C,GAAkD,EAAlD;AACD;;;;;gBAEDK,W;2BAAc;AACZ,aAAO,KAAKC,KAAL,CAAWC,KAAX,CAAiBC,GAAjB,CAAqB,UAACC,IAAD;AAAA,eAC1B,oBAAC,IAAD;AAAM,eAAKA,KAAKC,GAAhB;AAAqB,gBAAMD;AAA3B,UAD0B;AAAA,OAArB,CAAP;AAGD;;;;;gBAEDE,M;sBAAS;AACL,WAAKC,aAAL,GAAqB,IAArB;AAEF,aACE;AAAA;AAAA;AAAK,qBAAU;AAAf;AACE;AAAA;AAAA;AACE;AAAA;AAAA;AAAA;AAAA,WADF;AAGE;AAAA;AAAA;AAAO,yBAAU;AAAjB;AACE;AACE,oBAAK,UADP;AAEE,4BAFF;AAGE,uBAAS,KAAKC,KAAL,CAAWD,aAHtB;AAIE,uBAAS,KAAKE,mBAAL,CAAyBC,IAAzB,CAA8B,IAA9B;AAJX,cADF;AAAA;AAAA,WAHF;AAaG;AAAA;AAAA;AAAM,yBAAU,UAAhB;AAA2B,wBAAU,KAAKtB,YAAL,CAAkBsB,IAAlB,CAAuB,IAAvB;AAArC;AACC;AACE,oBAAK,MADP;AAEE,mBAAI,WAFN;AAGE,2BAAY;AAHd;AADD;AAbH,SADF;AAuBE;AAAA;AAAA;AACG,eAAKV,WAAL;AADH;AAvBF,OADF;AA6BD;;;;;;EAxDevB,S;;AA2DlBU,IAAIwB,SAAJ,GAAgB;AACdT,SAAOlB,UAAU4B,KAAV,CAAgBC;AADT,CAAhB;AApEAnC,OAAOoC,aAAP,CAwEe7B,YAAY,iBAAS;AAClC,SAAO;AACJiB,WAAOhB,MAAM6B,IAAN,CAAW,EAAX,EAAe;AAAEC,YAAM;AAAElB,mBAAW,CAAC;AAAd;AAAR,KAAf,EAA4CmB,KAA5C;AADH,GAAP;AAGD,CAJc,EAIZ9B,GAJY,CAxEf","file":"imports/ui/App.jsx.map","sourcesContent":["import React, { Component } from 'react';\nimport ReactDOM from 'react-dom';\nimport Task from './Task.jsx';\nimport PropTypes from 'prop-types';\nimport { withTracker } from 'meteor/react-meteor-data'\nimport { Tasks } from '../api/tasks.js';\n\n\n// App component - represents the whole app\nclass App extends Component {\n  \n\n  handleSubmit(event) {\n    event.preventDefault();\n \n    // Find the text field via the React ref\n    const text = ReactDOM.findDOMNode(this.refs.textInput).value.trim();\n \n    Tasks.insert({\n      text,\n      createdAt: new Date(), // current time\n    });\n \n    // Clear form\n    ReactDOM.findDOMNode(this.refs.textInput).value = '';\n  }\n\n  renderTasks() {\n    return this.props.tasks.map((task) => (\n      <Task key={task._id} task={task} />\n    ));\n  }\n\n  render() {\n      this.hideCompleted = true\n\n    return (\n      <div className=\"container\">\n        <header>\n          <h1>Todo List</h1>\n\n          <label className=\"hide-completed\">\n            <input\n              type=\"checkbox\"\n              readOnly\n              checked={this.state.hideCompleted}\n              onClick={this.toggleHideCompleted.bind(this)}\n            />\n            Hide Completed Tasks\n          </label>\n\n           <form className=\"new-task\" onSubmit={this.handleSubmit.bind(this)} >\n            <input\n              type=\"text\"\n              ref=\"textInput\"\n              placeholder=\"Type to add new tasks\"\n            />\n          </form>\n        </header>\n\n        <ul>\n          {this.renderTasks()}\n        </ul>\n      </div>\n    );\n  }\n}\n\nApp.propTypes = {\n  tasks: PropTypes.array.isRequired,\n};\n\nexport default withTracker(props => {\n  return {\n     tasks: Tasks.find({}, { sort: { createdAt: -1 } }).fetch(),\n  };\n})(App);\n"]},"hash":"a5521cdb36ad7f3f2f917b4912aca49e946f2330"}
