{"metadata":{"usedHelpers":[],"marked":[],"modules":{"imports":[{"source":"meteor/meteor","imported":["Meteor"],"specifiers":[{"kind":"named","imported":"Meteor","local":"Meteor"}]},{"source":"meteor/mongo","imported":["Mongo"],"specifiers":[{"kind":"named","imported":"Mongo","local":"Mongo"}]},{"source":"meteor/check","imported":["check"],"specifiers":[{"kind":"named","imported":"check","local":"check"}]}],"exports":{"exported":["Tasks"],"specifiers":[{"kind":"local","local":"Tasks","exported":"Tasks"}]}}},"options":{"filename":"imports/api/tasks.js","filenameRelative":"imports/api/tasks.js","env":{"development":{"plugins":[]}},"retainLines":false,"highlightCode":true,"suppressDeprecationMessages":false,"presets":[],"plugins":[[[],{"generateLetDeclarations":true,"enforceStrictMode":false}],[[],null],[[],{"polyfill":false}],[[],null],[[],null],[[],null],[[],{"allowTopLevelThis":true,"strict":false,"loose":true}],[[],null],[[],null],[[],null],[[],null],[[],null],[[],null],[[],null],[[],null],[[],null],[[],null],[[],null],[[],null],[[],{"loose":true}],[[],{"loose":true}],[[],null],[[],{"loose":true}],[[],null],[[],null],[[],null],[[],null],[[],null],[[],null],[[],{"loose":true}],[[],null],[[],null],[[],null],[[],null],[[],null],[[],null],[[],null]],"ignore":[],"code":true,"metadata":true,"ast":true,"comments":true,"compact":false,"minified":false,"sourceMap":true,"sourceMaps":true,"sourceMapTarget":"imports/api/tasks.js.map","sourceFileName":"imports/api/tasks.js","babelrc":false,"sourceType":"module","moduleIds":false,"passPerPreset":false,"parserOpts":false,"generatorOpts":false,"basename":"tasks"},"ignored":false,"code":"module.export({\n  Tasks: function () {\n    return Tasks;\n  }\n});\nvar Meteor = void 0;\nmodule.watch(require(\"meteor/meteor\"), {\n  Meteor: function (v) {\n    Meteor = v;\n  }\n}, 0);\nvar Mongo = void 0;\nmodule.watch(require(\"meteor/mongo\"), {\n  Mongo: function (v) {\n    Mongo = v;\n  }\n}, 1);\nvar check = void 0;\nmodule.watch(require(\"meteor/check\"), {\n  check: function (v) {\n    check = v;\n  }\n}, 2);\nvar Tasks = new Mongo.Collection('tasks');\nMeteor.methods({\n  'tasks.insert': function (text) {\n    check(text, String); // Make sure the user is logged in before inserting a task\n\n    if (!Meteor.userId()) {\n      throw new Meteor.Error('not-authorized');\n    }\n\n    Tasks.insert({\n      text: text,\n      createdAt: new Date(),\n      owner: Meteor.userId(),\n      username: Meteor.user().username\n    });\n  },\n  'tasks.remove': function (taskId) {\n    check(taskId, String);\n    Tasks.remove(taskId);\n  },\n  'tasks.setChecked': function (taskId, setChecked) {\n    check(taskId, String);\n    check(setChecked, Boolean);\n    Tasks.update(taskId, {\n      $set: {\n        checked: setChecked\n      }\n    });\n  }\n});","map":{"version":3,"sources":["imports/api/tasks.js"],"names":["module","export","Tasks","Meteor","watch","require","v","Mongo","check","Collection","methods","text","String","userId","Error","insert","createdAt","Date","owner","username","user","taskId","remove","setChecked","Boolean","update","$set","checked"],"mappings":"AAAAA,OAAOC,MAAP,CAAc;AAACC,SAAM;AAAA,WAAIA,KAAJ;AAAA;AAAP,CAAd;AAAiC,IAAIC,eAAJ;AAAWH,OAAOI,KAAP,CAAaC,QAAQ,eAAR,CAAb,EAAsC;AAACF,QAAD,YAAQG,CAAR,EAAU;AAACH,aAAOG,CAAP;AAAS;AAApB,CAAtC,EAA4D,CAA5D;AAA+D,IAAIC,cAAJ;AAAUP,OAAOI,KAAP,CAAaC,QAAQ,cAAR,CAAb,EAAqC;AAACE,OAAD,YAAOD,CAAP,EAAS;AAACC,YAAMD,CAAN;AAAQ;AAAlB,CAArC,EAAyD,CAAzD;AAA4D,IAAIE,cAAJ;AAAUR,OAAOI,KAAP,CAAaC,QAAQ,cAAR,CAAb,EAAqC;AAACG,OAAD,YAAOF,CAAP,EAAS;AAACE,YAAMF,CAAN;AAAQ;AAAlB,CAArC,EAAyD,CAAzD;AAIpL,IAAMJ,QAAQ,IAAIK,MAAME,UAAV,CAAqB,OAArB,CAAd;AAEPN,OAAOO,OAAP,CAAe;AACb,gBADa,YACEC,IADF,EACQ;AACnBH,UAAMG,IAAN,EAAYC,MAAZ,EADmB,CAGnB;;AACA,QAAI,CAAET,OAAOU,MAAP,EAAN,EAAuB;AACrB,YAAM,IAAIV,OAAOW,KAAX,CAAiB,gBAAjB,CAAN;AACD;;AAEDZ,UAAMa,MAAN,CAAa;AACXJ,gBADW;AAEXK,iBAAW,IAAIC,IAAJ,EAFA;AAGXC,aAAOf,OAAOU,MAAP,EAHI;AAIXM,gBAAUhB,OAAOiB,IAAP,GAAcD;AAJb,KAAb;AAMD,GAfY;AAgBb,gBAhBa,YAgBEE,MAhBF,EAgBU;AACrBb,UAAMa,MAAN,EAAcT,MAAd;AAEAV,UAAMoB,MAAN,CAAaD,MAAb;AACD,GApBY;AAqBb,oBArBa,YAqBMA,MArBN,EAqBcE,UArBd,EAqB0B;AACrCf,UAAMa,MAAN,EAAcT,MAAd;AACAJ,UAAMe,UAAN,EAAkBC,OAAlB;AAEAtB,UAAMuB,MAAN,CAAaJ,MAAb,EAAqB;AAAEK,YAAM;AAAEC,iBAASJ;AAAX;AAAR,KAArB;AACD;AA1BY,CAAf","file":"imports/api/tasks.js.map","sourcesContent":["import { Meteor } from 'meteor/meteor';\nimport { Mongo } from 'meteor/mongo';\nimport { check } from 'meteor/check';\n\nexport const Tasks = new Mongo.Collection('tasks');\n\nMeteor.methods({\n  'tasks.insert'(text) {\n    check(text, String);\n \n    // Make sure the user is logged in before inserting a task\n    if (! Meteor.userId()) {\n      throw new Meteor.Error('not-authorized');\n    }\n \n    Tasks.insert({\n      text,\n      createdAt: new Date(),\n      owner: Meteor.userId(),\n      username: Meteor.user().username,\n    });\n  },\n  'tasks.remove'(taskId) {\n    check(taskId, String);\n \n    Tasks.remove(taskId);\n  },\n  'tasks.setChecked'(taskId, setChecked) {\n    check(taskId, String);\n    check(setChecked, Boolean);\n \n    Tasks.update(taskId, { $set: { checked: setChecked } });\n  },\n});"]},"hash":"a98cfa3bc06692e0f51df8720f70b04c6a2d4cd3"}
