{"metadata":{"usedHelpers":[],"marked":[],"modules":{"imports":[{"source":"react","imported":["default"],"specifiers":[{"kind":"named","imported":"default","local":"React"}]},{"source":"meteor/meteor","imported":["Meteor"],"specifiers":[{"kind":"named","imported":"Meteor","local":"Meteor"}]},{"source":"react-dom","imported":["render"],"specifiers":[{"kind":"named","imported":"render","local":"render"}]},{"source":"../imports/startup/accounts-config.js","imported":[],"specifiers":[]},{"source":"../imports/ui/App.jsx","imported":["default"],"specifiers":[{"kind":"named","imported":"default","local":"App"}]}],"exports":{"exported":[],"specifiers":[]}}},"options":{"filename":"client/main.js","filenameRelative":"client/main.js","env":{"development":{"plugins":[]}},"retainLines":false,"highlightCode":true,"suppressDeprecationMessages":false,"presets":[],"plugins":[[[],{"generateLetDeclarations":true,"enforceStrictMode":false}],[[],null],[[],{"polyfill":false}],[[],null],[[],null],[[],null],[[],{"allowTopLevelThis":true,"strict":false,"loose":true}],[[],null],[[],null],[[],null],[[],null],[[],null],[[],null],[[],null],[[],null],[[],null],[[],null],[[],null],[[],null],[[],{"loose":true}],[[],{"loose":true}],[[],null],[[],{"loose":true}],[[],null],[[],null],[[],null],[[],null],[[],null],[[],null],[[],{"loose":true}],[[],null],[[],null],[[],null],[[],null],[[],null],[[],null],[[],null]],"ignore":[],"code":true,"metadata":true,"ast":true,"comments":true,"compact":false,"minified":false,"sourceMap":true,"sourceMaps":true,"sourceMapTarget":"client/main.js.map","sourceFileName":"client/main.js","babelrc":false,"sourceType":"module","moduleIds":false,"passPerPreset":false,"parserOpts":false,"generatorOpts":false,"basename":"main"},"ignored":false,"code":"var React = void 0;\nmodule.watch(require(\"react\"), {\n  \"default\": function (v) {\n    React = v;\n  }\n}, 0);\nvar Meteor = void 0;\nmodule.watch(require(\"meteor/meteor\"), {\n  Meteor: function (v) {\n    Meteor = v;\n  }\n}, 1);\nvar render = void 0;\nmodule.watch(require(\"react-dom\"), {\n  render: function (v) {\n    render = v;\n  }\n}, 2);\nmodule.watch(require(\"../imports/startup/accounts-config.js\"));\nvar App = void 0;\nmodule.watch(require(\"../imports/ui/App.jsx\"), {\n  \"default\": function (v) {\n    App = v;\n  }\n}, 3);\nMeteor.startup(function () {\n  render(React.createElement(App, null), document.getElementById('render-target'));\n});","map":{"version":3,"sources":["client/main.js"],"names":["React","module","watch","require","v","Meteor","render","App","startup","document","getElementById"],"mappings":"AAAA,IAAIA,cAAJ;AAAUC,OAAOC,KAAP,CAAaC,QAAQ,OAAR,CAAb,EAA8B;AAAA,uBAASC,CAAT,EAAW;AAACJ,YAAMI,CAAN;AAAQ;AAApB,CAA9B,EAAoD,CAApD;AAAuD,IAAIC,eAAJ;AAAWJ,OAAOC,KAAP,CAAaC,QAAQ,eAAR,CAAb,EAAsC;AAACE,QAAD,YAAQD,CAAR,EAAU;AAACC,aAAOD,CAAP;AAAS;AAApB,CAAtC,EAA4D,CAA5D;AAA+D,IAAIE,eAAJ;AAAWL,OAAOC,KAAP,CAAaC,QAAQ,WAAR,CAAb,EAAkC;AAACG,QAAD,YAAQF,CAAR,EAAU;AAACE,aAAOF,CAAP;AAAS;AAApB,CAAlC,EAAwD,CAAxD;AAA2DH,OAAOC,KAAP,CAAaC,QAAQ,uCAAR,CAAb;AAA+D,IAAII,YAAJ;AAAQN,OAAOC,KAAP,CAAaC,QAAQ,uBAAR,CAAb,EAA8C;AAAA,uBAASC,CAAT,EAAW;AAACG,UAAIH,CAAJ;AAAM;AAAlB,CAA9C,EAAkE,CAAlE;AAOxRC,OAAOG,OAAP,CAAe,YAAM;AACnBF,SAAO,oBAAC,GAAD,OAAP,EAAgBG,SAASC,cAAT,CAAwB,eAAxB,CAAhB;AACD,CAFD","file":"client/main.js.map","sourcesContent":["import React from 'react';\nimport { Meteor } from 'meteor/meteor';\nimport { render } from 'react-dom';\n \nimport '../imports/startup/accounts-config.js';\nimport App from '../imports/ui/App.jsx';\n \nMeteor.startup(() => {\n  render(<App />, document.getElementById('render-target'));\n});"]},"hash":"bbaede804b31777298d98e84fcdb2e32059c3e31"}
