{"metadata":{"usedHelpers":[],"marked":[],"modules":{"imports":[{"source":"meteor/meteor","imported":["Meteor"],"specifiers":[{"kind":"named","imported":"Meteor","local":"Meteor"}]},{"source":"react","imported":["default"],"specifiers":[{"kind":"named","imported":"default","local":"React"}]},{"source":"./ReactMeteorData.jsx","imported":["default"],"specifiers":[{"kind":"named","imported":"default","local":"connect"}]}],"exports":{"exported":["createContainer","options","Component"],"specifiers":[{"kind":"local","local":"createContainer","exported":"default"},{"kind":"local","local":"options","exported":"default"},{"kind":"local","local":"Component","exported":"default"}]}}},"options":{"filename":"packages/react-meteor-data/createContainer.jsx","filenameRelative":"packages/react-meteor-data/createContainer.jsx","env":{"development":{"plugins":[]}},"retainLines":false,"highlightCode":true,"suppressDeprecationMessages":false,"presets":[],"plugins":[[[],{"generateLetDeclarations":true,"enforceStrictMode":false}],[[],null],[[],{"polyfill":false}],[[],null],[[],null],[[],null],[[],{"allowTopLevelThis":true,"strict":false,"loose":true}],[[],null],[[],null],[[],null],[[],null],[[],null],[[],null],[[],null],[[],null],[[],null],[[],null],[[],null],[[],null],[[],{"loose":true}],[[],{"loose":true}],[[],null],[[],{"loose":true}],[[],null],[[],null],[[],null],[[],null],[[],null],[[],null],[[],{"loose":true}],[[],null],[[],null],[[],null],[[],null],[[],null],[[],null],[[],null]],"ignore":[],"code":true,"metadata":true,"ast":true,"comments":true,"compact":false,"minified":false,"sourceMap":true,"sourceMaps":true,"sourceMapTarget":"packages/react-meteor-data/createContainer.jsx.map","sourceFileName":"packages/react-meteor-data/createContainer.jsx","babelrc":false,"sourceType":"module","moduleIds":false,"passPerPreset":false,"parserOpts":false,"generatorOpts":false,"basename":"createContainer"},"ignored":false,"code":"module.export({\n  \"default\": function () {\n    return createContainer;\n  }\n});\nvar Meteor = void 0;\nmodule.watch(require(\"meteor/meteor\"), {\n  Meteor: function (v) {\n    Meteor = v;\n  }\n}, 0);\nvar React = void 0;\nmodule.watch(require(\"react\"), {\n  \"default\": function (v) {\n    React = v;\n  }\n}, 1);\nvar connect = void 0;\nmodule.watch(require(\"./ReactMeteorData.jsx\"), {\n  \"default\": function (v) {\n    connect = v;\n  }\n}, 2);\nvar hasDisplayedWarning = false;\n\nfunction createContainer(options, Component) {\n  if (!hasDisplayedWarning && Meteor.isDevelopment) {\n    console.warn('Warning: createContainer was deprecated in react-meteor-data@0.2.13. Use withTracker instead.\\n' + 'https://github.com/meteor/react-packages/tree/devel/packages/react-meteor-data#usage');\n    hasDisplayedWarning = true;\n  }\n\n  return connect(options)(Component);\n}","map":{"version":3,"sources":["packages/react-meteor-data/createContainer.jsx"],"names":["module","export","createContainer","Meteor","watch","require","v","React","connect","hasDisplayedWarning","options","Component","isDevelopment","console","warn"],"mappings":"AAAAA,OAAOC,MAAP,CAAc;AAAC,aAAQ;AAAA,WAAIC,eAAJ;AAAA;AAAT,CAAd;AAA6C,IAAIC,eAAJ;AAAWH,OAAOI,KAAP,CAAaC,QAAQ,eAAR,CAAb,EAAsC;AAACF,QAAD,YAAQG,CAAR,EAAU;AAACH,aAAOG,CAAP;AAAS;AAApB,CAAtC,EAA4D,CAA5D;AAA+D,IAAIC,cAAJ;AAAUP,OAAOI,KAAP,CAAaC,QAAQ,OAAR,CAAb,EAA8B;AAAA,uBAASC,CAAT,EAAW;AAACC,YAAMD,CAAN;AAAQ;AAApB,CAA9B,EAAoD,CAApD;AAAuD,IAAIE,gBAAJ;AAAYR,OAAOI,KAAP,CAAaC,QAAQ,uBAAR,CAAb,EAA8C;AAAA,uBAASC,CAAT,EAAW;AAACE,cAAQF,CAAR;AAAU;AAAtB,CAA9C,EAAsE,CAAtE;AAQpM,IAAIG,sBAAsB,KAA1B;;AAEe,SAASP,eAAT,CAAyBQ,OAAzB,EAAkCC,SAAlC,EAA6C;AAC1D,MAAI,CAACF,mBAAD,IAAwBN,OAAOS,aAAnC,EAAkD;AAChDC,YAAQC,IAAR,CACE,oGACE,sFAFJ;AAIAL,0BAAsB,IAAtB;AACD;;AAED,SAAOD,QAAQE,OAAR,EAAiBC,SAAjB,CAAP;AACD","file":"packages/react-meteor-data/createContainer.jsx.map","sourcesContent":["/**\n * Container helper using react-meteor-data.\n */\n\nimport { Meteor } from 'meteor/meteor';\nimport React from 'react';\nimport connect from './ReactMeteorData.jsx';\n\nlet hasDisplayedWarning = false;\n\nexport default function createContainer(options, Component) {\n  if (!hasDisplayedWarning && Meteor.isDevelopment) {\n    console.warn(\n      'Warning: createContainer was deprecated in react-meteor-data@0.2.13. Use withTracker instead.\\n' +\n        'https://github.com/meteor/react-packages/tree/devel/packages/react-meteor-data#usage',\n    );\n    hasDisplayedWarning = true;\n  }\n\n  return connect(options)(Component);\n}\n"]},"hash":"c4974a3e4fd7be7bc691ca5bb649c74444486221"}
