{"metadata":{"usedHelpers":["inherits","possibleConstructorReturn","classCallCheck","interopRequireDefault"],"marked":[],"modules":{"imports":[{"source":"react","imported":["default","Component"],"specifiers":[{"kind":"named","imported":"default","local":"React"},{"kind":"named","imported":"Component","local":"Component"}]},{"source":"prop-types","imported":["default"],"specifiers":[{"kind":"named","imported":"default","local":"PropTypes"}]}],"exports":{"exported":["Task"],"specifiers":[{"kind":"local","local":"Task","exported":"default"}]}}},"options":{"filename":"imports/ui/Task.jsx","filenameRelative":"imports/ui/Task.jsx","env":{"development":{"plugins":[]}},"retainLines":false,"highlightCode":true,"suppressDeprecationMessages":false,"presets":[],"plugins":[[[],{"generateLetDeclarations":true,"enforceStrictMode":false}],[[],null],[[],{"polyfill":false}],[[],null],[[],null],[[],null],[[],{"allowTopLevelThis":true,"strict":false,"loose":true}],[[],null],[[],null],[[],null],[[],null],[[],null],[[],null],[[],null],[[],null],[[],null],[[],null],[[],null],[[],null],[[],{"loose":true}],[[],{"loose":true}],[[],null],[[],{"loose":true}],[[],null],[[],null],[[],null],[[],null],[[],null],[[],null],[[],{"loose":true}],[[],null],[[],null],[[],null],[[],null],[[],null],[[],null],[[],null]],"ignore":[],"code":true,"metadata":true,"ast":true,"comments":true,"compact":false,"minified":false,"sourceMap":true,"sourceMaps":true,"sourceMapTarget":"imports/ui/Task.jsx.map","sourceFileName":"imports/ui/Task.jsx","babelrc":false,"sourceType":"module","moduleIds":false,"passPerPreset":false,"parserOpts":false,"generatorOpts":false,"basename":"Task"},"ignored":false,"code":"var _classCallCheck2 = require(\"babel-runtime/helpers/classCallCheck\");\n\nvar _classCallCheck3 = _interopRequireDefault(_classCallCheck2);\n\nvar _possibleConstructorReturn2 = require(\"babel-runtime/helpers/possibleConstructorReturn\");\n\nvar _possibleConstructorReturn3 = _interopRequireDefault(_possibleConstructorReturn2);\n\nvar _inherits2 = require(\"babel-runtime/helpers/inherits\");\n\nvar _inherits3 = _interopRequireDefault(_inherits2);\n\nfunction _interopRequireDefault(obj) { return obj && obj.__esModule ? obj : { \"default\": obj }; }\n\nmodule.export({\n  \"default\": function () {\n    return Task;\n  }\n});\nvar React = void 0,\n    Component = void 0;\nmodule.watch(require(\"react\"), {\n  \"default\": function (v) {\n    React = v;\n  },\n  Component: function (v) {\n    Component = v;\n  }\n}, 0);\nvar PropTypes = void 0;\nmodule.watch(require(\"prop-types\"), {\n  \"default\": function (v) {\n    PropTypes = v;\n  }\n}, 1);\n\nvar Task = function (_Component) {\n  (0, _inherits3.default)(Task, _Component);\n\n  function Task() {\n    (0, _classCallCheck3.default)(this, Task);\n    return (0, _possibleConstructorReturn3.default)(this, _Component.apply(this, arguments));\n  }\n\n  Task.prototype.render = function () {\n    function render() {\n      return React.createElement(\n        \"li\",\n        null,\n        this.PropTypes.task.text\n      );\n    }\n\n    return render;\n  }();\n\n  return Task;\n}(Component);\n\nTask.PropTypes = {\n  // This component gets the task to display through a React prop.\n  // We can use propTypes to indicate it is required\n  task: PropTypes.object.isRequired\n};","map":{"version":3,"sources":["imports/ui/Task.jsx"],"names":["module","export","Task","React","Component","watch","require","v","PropTypes","render","task","text","object","isRequired"],"mappings":";;;;;;;;;;;;;;AAAAA,OAAOC,MAAP,CAAc;AAAC,aAAQ;AAAA,WAAIC,IAAJ;AAAA;AAAT,CAAd;AAAkC,IAAIC,cAAJ;AAAA,IAAUC,kBAAV;AAAoBJ,OAAOK,KAAP,CAAaC,QAAQ,OAAR,CAAb,EAA8B;AAAA,uBAASC,CAAT,EAAW;AAACJ,YAAMI,CAAN;AAAQ,GAApB;AAAqBH,WAArB,YAA+BG,CAA/B,EAAiC;AAACH,gBAAUG,CAAV;AAAY;AAA9C,CAA9B,EAA8E,CAA9E;AAAiF,IAAIC,kBAAJ;AAAcR,OAAOK,KAAP,CAAaC,QAAQ,YAAR,CAAb,EAAmC;AAAA,uBAASC,CAAT,EAAW;AAACC,gBAAUD,CAAV;AAAY;AAAxB,CAAnC,EAA6D,CAA7D;;IAIhIL,I;;;;;;;;iBACnBO,M;sBAAS;AACP,aACE;AAAA;AAAA;AAAK,aAAKD,SAAL,CAAeE,IAAf,CAAoBC;AAAzB,OADF;AAGD;;;;;;EAL+BP,S;;AAQlCF,KAAKM,SAAL,GAAiB;AACf;AACA;AACAE,QAAMF,UAAUI,MAAV,CAAiBC;AAHR,CAAjB","file":"imports/ui/Task.jsx.map","sourcesContent":["import React, { Component } from 'react';\nimport PropTypes from 'prop-types';\n \n// Task component - represents a single todo item\nexport default class Task extends Component {\n  render() {\n    return (\n      <li>{this.PropTypes.task.text}</li>\n    );\n  }\n}\n \nTask.PropTypes = {\n  // This component gets the task to display through a React prop.\n  // We can use propTypes to indicate it is required\n  task: PropTypes.object.isRequired,\n};"]},"hash":"c78e166663cbecf1592b56c2e2232e322f058741"}
