{"metadata":{"usedHelpers":["inherits","possibleConstructorReturn","classCallCheck","interopRequireDefault"],"marked":[],"modules":{"imports":[{"source":"react","imported":["default","Component"],"specifiers":[{"kind":"named","imported":"default","local":"React"},{"kind":"named","imported":"Component","local":"Component"}]},{"source":"./Task.jsx","imported":["default"],"specifiers":[{"kind":"named","imported":"default","local":"Task"}]},{"source":"prop-types","imported":["default"],"specifiers":[{"kind":"named","imported":"default","local":"PropTypes"}]},{"source":"meteor/react-meteor-data","imported":["withTracker"],"specifiers":[{"kind":"named","imported":"withTracker","local":"withTracker"}]},{"source":"../api/tasks.js","imported":["Tasks"],"specifiers":[{"kind":"named","imported":"Tasks","local":"Tasks"}]}],"exports":{"exported":[],"specifiers":[]}}},"options":{"filename":"imports/ui/App.jsx","filenameRelative":"imports/ui/App.jsx","env":{"development":{"plugins":[]}},"retainLines":false,"highlightCode":true,"suppressDeprecationMessages":false,"presets":[],"plugins":[[[],{"generateLetDeclarations":true,"enforceStrictMode":false}],[[],null],[[],{"polyfill":false}],[[],null],[[],null],[[],null],[[],{"allowTopLevelThis":true,"strict":false,"loose":true}],[[],null],[[],null],[[],null],[[],null],[[],null],[[],null],[[],null],[[],null],[[],null],[[],null],[[],null],[[],null],[[],{"loose":true}],[[],{"loose":true}],[[],null],[[],{"loose":true}],[[],null],[[],null],[[],null],[[],null],[[],null],[[],null],[[],{"loose":true}],[[],null],[[],null],[[],null],[[],null],[[],null],[[],null],[[],null]],"ignore":[],"code":true,"metadata":true,"ast":true,"comments":true,"compact":false,"minified":false,"sourceMap":true,"sourceMaps":true,"sourceMapTarget":"imports/ui/App.jsx.map","sourceFileName":"imports/ui/App.jsx","babelrc":false,"sourceType":"module","moduleIds":false,"passPerPreset":false,"parserOpts":false,"generatorOpts":false,"basename":"App"},"ignored":false,"code":"var _classCallCheck2 = require(\"babel-runtime/helpers/classCallCheck\");\n\nvar _classCallCheck3 = _interopRequireDefault(_classCallCheck2);\n\nvar _possibleConstructorReturn2 = require(\"babel-runtime/helpers/possibleConstructorReturn\");\n\nvar _possibleConstructorReturn3 = _interopRequireDefault(_possibleConstructorReturn2);\n\nvar _inherits2 = require(\"babel-runtime/helpers/inherits\");\n\nvar _inherits3 = _interopRequireDefault(_inherits2);\n\nfunction _interopRequireDefault(obj) { return obj && obj.__esModule ? obj : { \"default\": obj }; }\n\nvar React = void 0,\n    Component = void 0;\nmodule.watch(require(\"react\"), {\n  \"default\": function (v) {\n    React = v;\n  },\n  Component: function (v) {\n    Component = v;\n  }\n}, 0);\nvar Task = void 0;\nmodule.watch(require(\"./Task.jsx\"), {\n  \"default\": function (v) {\n    Task = v;\n  }\n}, 1);\nvar PropTypes = void 0;\nmodule.watch(require(\"prop-types\"), {\n  \"default\": function (v) {\n    PropTypes = v;\n  }\n}, 2);\nvar withTracker = void 0;\nmodule.watch(require(\"meteor/react-meteor-data\"), {\n  withTracker: function (v) {\n    withTracker = v;\n  }\n}, 3);\nvar Tasks = void 0;\nmodule.watch(require(\"../api/tasks.js\"), {\n  Tasks: function (v) {\n    Tasks = v;\n  }\n}, 4);\n\n// App component - represents the whole app\nvar App = function (_Component) {\n  (0, _inherits3.default)(App, _Component);\n\n  function App() {\n    var _temp, _this, _ret;\n\n    (0, _classCallCheck3.default)(this, App);\n\n    for (var _len = arguments.length, args = Array(_len), _key = 0; _key < _len; _key++) {\n      args[_key] = arguments[_key];\n    }\n\n    return _ret = (_temp = (_this = (0, _possibleConstructorReturn3.default)(this, _Component.call.apply(_Component, [this].concat(args))), _this), _this.renderTasks = function () {\n      console.log(_this.props.tasks);\n      return [].map(function (task) {\n        return React.createElement(Task, {\n          key: task._id,\n          task: task\n        });\n      });\n    }, _temp), (0, _possibleConstructorReturn3.default)(_this, _ret);\n  }\n\n  App.prototype.render = function () {\n    function render() {\n      console.log(Tasks);\n      return React.createElement(\n        \"div\",\n        {\n          className: \"container\"\n        },\n        React.createElement(\n          \"header\",\n          null,\n          React.createElement(\n            \"h1\",\n            null,\n            \"Todo List\"\n          )\n        ),\n        React.createElement(\n          \"ul\",\n          null,\n          this.renderTasks()\n        )\n      );\n    }\n\n    return render;\n  }();\n\n  return App;\n}(Component);\n\nApp.propTypes = {\n  tasks: PropTypes.array.isRequired\n}; //export default App;\n\nmodule.exportDefault(withTracker(function () {\n  console.log(Tasks.find({}).fetch()); // return {\n  //   tasks: Tasks.find({}).fetch(),\n  // };\n}, App));","map":{"version":3,"sources":["imports/ui/App.jsx"],"names":["React","Component","module","watch","require","v","Task","PropTypes","withTracker","Tasks","App","renderTasks","console","log","props","tasks","map","task","_id","render","propTypes","array","isRequired","exportDefault","find","fetch"],"mappings":";;;;;;;;;;;;;;AAAA,IAAIA,cAAJ;AAAA,IAAUC,kBAAV;AAAoBC,OAAOC,KAAP,CAAaC,QAAQ,OAAR,CAAb,EAA8B;AAAA,uBAASC,CAAT,EAAW;AAACL,YAAMK,CAAN;AAAQ,GAApB;AAAqBJ,WAArB,YAA+BI,CAA/B,EAAiC;AAACJ,gBAAUI,CAAV;AAAY;AAA9C,CAA9B,EAA8E,CAA9E;AAAiF,IAAIC,aAAJ;AAASJ,OAAOC,KAAP,CAAaC,QAAQ,YAAR,CAAb,EAAmC;AAAA,uBAASC,CAAT,EAAW;AAACC,WAAKD,CAAL;AAAO;AAAnB,CAAnC,EAAwD,CAAxD;AAA2D,IAAIE,kBAAJ;AAAcL,OAAOC,KAAP,CAAaC,QAAQ,YAAR,CAAb,EAAmC;AAAA,uBAASC,CAAT,EAAW;AAACE,gBAAUF,CAAV;AAAY;AAAxB,CAAnC,EAA6D,CAA7D;AAAgE,IAAIG,oBAAJ;AAAgBN,OAAOC,KAAP,CAAaC,QAAQ,0BAAR,CAAb,EAAiD;AAACI,aAAD,YAAaH,CAAb,EAAe;AAACG,kBAAYH,CAAZ;AAAc;AAA9B,CAAjD,EAAiF,CAAjF;AAAoF,IAAII,cAAJ;AAAUP,OAAOC,KAAP,CAAaC,QAAQ,iBAAR,CAAb,EAAwC;AAACK,OAAD,YAAOJ,CAAP,EAAS;AAACI,YAAMJ,CAAN;AAAQ;AAAlB,CAAxC,EAA4D,CAA5D;;AAMrW;IACMK,G;;;;;;;;;;;;0JACJC,W,GAAc,YAAM;AAClBC,cAAQC,GAAR,CAAY,MAAKC,KAAL,CAAWC,KAAvB;AACA,aAAO,GAAGC,GAAH,CAAO,UAACC,IAAD;AAAA,eACZ,oBAAC,IAAD;AAAM,eAAKA,KAAKC,GAAhB;AAAqB,gBAAMD;AAA3B,UADY;AAAA,OAAP,CAAP;AAGD,K;;;gBAEDE,M;sBAAS;AACPP,cAAQC,GAAR,CAAYJ,KAAZ;AACA,aACE;AAAA;AAAA;AAAK,qBAAU;AAAf;AACE;AAAA;AAAA;AACE;AAAA;AAAA;AAAA;AAAA;AADF,SADF;AAKE;AAAA;AAAA;AACG,eAAKE,WAAL;AADH;AALF,OADF;AAWD;;;;;;EArBeV,S;;AAwBlBS,IAAIU,SAAJ,GAAgB;AACdL,SAAOR,UAAUc,KAAV,CAAgBC;AADT,CAAhB,C,CAIA;;AAnCApB,OAAOqB,aAAP,CAqCef,YAAY,YAAM;AAC/BI,UAAQC,GAAR,CAAYJ,MAAMe,IAAN,CAAW,EAAX,EAAeC,KAAf,EAAZ,EAD+B,CAE/B;AACA;AACA;AACD,CALc,EAKZf,GALY,CArCf","file":"imports/ui/App.jsx.map","sourcesContent":["import React, { Component } from 'react';\nimport Task from './Task.jsx';\nimport PropTypes from 'prop-types';\nimport { withTracker } from 'meteor/react-meteor-data'\nimport { Tasks } from '../api/tasks.js';\n\n// App component - represents the whole app\nclass App extends Component {\n  renderTasks = () => {\n    console.log(this.props.tasks)\n    return [].map((task) => (\n      <Task key={task._id} task={task} />\n    ));\n  }\n\n  render() {\n    console.log(Tasks);\n    return (\n      <div className=\"container\">\n        <header>\n          <h1>Todo List</h1>\n        </header>\n\n        <ul>\n          {this.renderTasks()}\n        </ul>\n      </div>\n    );\n  }\n}\n\nApp.propTypes = {\n  tasks: PropTypes.array.isRequired,\n};\n\n//export default App;\n\nexport default withTracker(() => {\n  console.log(Tasks.find({}).fetch())\n  // return {\n  //   tasks: Tasks.find({}).fetch(),\n  // };\n}, App);\n"]},"hash":"e32a039b8c669331c8ff98a4c6dd8c99451a87bd"}
