{"metadata":{"usedHelpers":[],"marked":[],"modules":{"imports":[],"exports":{"exported":[],"specifiers":[]}}},"options":{"filename":"packages/accounts-password/email_templates.js","filenameRelative":"packages/accounts-password/email_templates.js","env":{"development":{"plugins":[]}},"retainLines":false,"highlightCode":true,"suppressDeprecationMessages":false,"presets":[],"plugins":[[[],{"generateLetDeclarations":true,"enforceStrictMode":false}],[[],null],[[],{"polyfill":false}],[[],null],[[],null],[[],null],[[],{"allowTopLevelThis":true,"strict":false,"loose":true}],[[],null],[[],null],[[],null],[[],null],[[],null],[[],null],[[],null],[[],null],[[],null],[[],null],[[],null],[[],null],[[],{"loose":true}],[[],{"loose":true}],[[],null],[[],{"loose":true}],[[],null],[[],null],[[],null],[[],null],[[],null],[[],null],[[],{"loose":true}],[[],null],[[],null],[[],null],[[],null],[[],null],[[],null],[[],null]],"ignore":[],"code":true,"metadata":true,"ast":true,"comments":true,"compact":false,"minified":false,"sourceMap":true,"sourceMaps":true,"sourceMapTarget":"packages/accounts-password/email_templates.js.map","sourceFileName":"packages/accounts-password/email_templates.js","babelrc":false,"sourceType":"module","moduleIds":false,"passPerPreset":false,"parserOpts":false,"generatorOpts":false,"basename":"email_templates"},"ignored":false,"code":"function greet(welcomeMsg) {\n  return function (user, url) {\n    var greeting = user.profile && user.profile.name ? \"Hello \" + user.profile.name + \",\" : \"Hello,\";\n    return greeting + \"\\n\\n\" + welcomeMsg + \", simply click the link below.\\n\\n\" + url + \"\\n\\nThanks.\\n\";\n  };\n} /**\n   * @summary Options to customize emails sent from the Accounts system.\n   * @locus Server\n   * @importFromPackage accounts-base\n   */\n\nAccounts.emailTemplates = {\n  from: \"Accounts Example <no-reply@example.com>\",\n  siteName: Meteor.absoluteUrl().replace(/^https?:\\/\\//, '').replace(/\\/$/, ''),\n  resetPassword: {\n    subject: function (user) {\n      return \"How to reset your password on \" + Accounts.emailTemplates.siteName;\n    },\n    text: greet(\"To reset your password\")\n  },\n  verifyEmail: {\n    subject: function (user) {\n      return \"How to verify email address on \" + Accounts.emailTemplates.siteName;\n    },\n    text: greet(\"To verify your account email\")\n  },\n  enrollAccount: {\n    subject: function (user) {\n      return \"An account has been created for you on \" + Accounts.emailTemplates.siteName;\n    },\n    text: greet(\"To start using the service\")\n  }\n};","map":{"version":3,"sources":["packages/accounts-password/email_templates.js"],"names":["greet","welcomeMsg","user","url","greeting","profile","name","Accounts","emailTemplates","from","siteName","Meteor","absoluteUrl","replace","resetPassword","subject","text","verifyEmail","enrollAccount"],"mappings":"AAAA,SAASA,KAAT,CAAeC,UAAf,EAA2B;AACzB,SAAO,UAASC,IAAT,EAAeC,GAAf,EAAoB;AACvB,QAAIC,WAAYF,KAAKG,OAAL,IAAgBH,KAAKG,OAAL,CAAaC,IAA9B,GACR,WAAWJ,KAAKG,OAAL,CAAaC,IAAxB,GAA+B,GADvB,GAC8B,QAD7C;AAEA,WAAUF,QAAV,YAEJH,UAFI,0CAIJE,GAJI;AAQH,GAXD;AAYD,C,CAED;;;;;;AAKAI,SAASC,cAAT,GAA0B;AACxBC,QAAM,yCADkB;AAExBC,YAAUC,OAAOC,WAAP,GAAqBC,OAArB,CAA6B,cAA7B,EAA6C,EAA7C,EAAiDA,OAAjD,CAAyD,KAAzD,EAAgE,EAAhE,CAFc;AAIxBC,iBAAe;AACbC,aAAS,UAASb,IAAT,EAAe;AACtB,aAAO,mCAAmCK,SAASC,cAAT,CAAwBE,QAAlE;AACD,KAHY;AAIbM,UAAMhB,MAAM,wBAAN;AAJO,GAJS;AAUxBiB,eAAa;AACXF,aAAS,UAASb,IAAT,EAAe;AACtB,aAAO,oCAAoCK,SAASC,cAAT,CAAwBE,QAAnE;AACD,KAHU;AAIXM,UAAMhB,MAAM,8BAAN;AAJK,GAVW;AAgBxBkB,iBAAe;AACbH,aAAS,UAASb,IAAT,EAAe;AACtB,aAAO,4CAA4CK,SAASC,cAAT,CAAwBE,QAA3E;AACD,KAHY;AAIbM,UAAMhB,MAAM,4BAAN;AAJO;AAhBS,CAA1B","file":"packages/accounts-password/email_templates.js.map","sourcesContent":["function greet(welcomeMsg) {\n  return function(user, url) {\n      var greeting = (user.profile && user.profile.name) ?\n            (\"Hello \" + user.profile.name + \",\") : \"Hello,\";\n      return `${greeting}\n\n${welcomeMsg}, simply click the link below.\n\n${url}\n\nThanks.\n`;\n  };\n}\n\n/**\n * @summary Options to customize emails sent from the Accounts system.\n * @locus Server\n * @importFromPackage accounts-base\n */\nAccounts.emailTemplates = {\n  from: \"Accounts Example <no-reply@example.com>\",\n  siteName: Meteor.absoluteUrl().replace(/^https?:\\/\\//, '').replace(/\\/$/, ''),\n\n  resetPassword: {\n    subject: function(user) {\n      return \"How to reset your password on \" + Accounts.emailTemplates.siteName;\n    },\n    text: greet(\"To reset your password\")\n  },\n  verifyEmail: {\n    subject: function(user) {\n      return \"How to verify email address on \" + Accounts.emailTemplates.siteName;\n    },\n    text: greet(\"To verify your account email\")\n  },\n  enrollAccount: {\n    subject: function(user) {\n      return \"An account has been created for you on \" + Accounts.emailTemplates.siteName;\n    },\n    text: greet(\"To start using the service\")\n  }\n};\n"]},"hash":"e619c79ebba5a173f259bbac8b4dd7557ef61583"}
